source,city,category,type,code,title,price,biomaterial_price,turnaround_time,url,scraped_at
Helix,Екатеринбург,Все анализы,complex,02-011,Проба Реберга (клиренс эндогенного креатинина),405,,До 2 суток. Указанный срок не включает день взятия биоматериала,https://helix.ru/catalog/item/02-011,2026-08-02T07:17:09.253Z
Helix,Екатеринбург,Все анализы,analysis,02-003,"Микроскопическое исследование отделяемого мочеполовых органов женщин (микрофлора), 3 локализации",480,,До 00:00 следующего дня,https://helix.ru/catalog/item/02-003,2026-08-02T07:17:09.253Z
Helix,Екатеринбург,Все анализы,analysis,02-001,Анализ кала на скрытую кровь,340,,До 2 суток. Указанный срок не включает день взятия биоматериала,https://helix.ru/catalog/item/02-001,2026-08-02T07:17:09.253Z
Helix,Екатеринбург,Все анализы,analysis,02-010,Анализ кала на яйца гельминтов,340,,До 2 суток. Указанный срок не включает день взятия биоматериала,https://helix.ru/catalog/item/02-010,2026-08-02T07:17:09.253Z
Helix,Екатеринбург,Все анализы,analysis,02-009,Копрограмма,500,,До 2 суток. Указанный срок не включает день взятия биоматериала,https://helix.ru/catalog/item/02-009,2026-08-02T07:17:09.253Z
Helix,Екатеринбург,Все анализы,complex,02-005,Клинический анализ крови (с лейкоцитарной формулой),475,,До 00:00 следующего дня. Указанный срок не включает день взятия биоматериала,https://helix.ru/catalog/item/02-005,2026-08-02T07:17:09.253Z
Helix,Екатеринбург,Все анализы,analysis,02-012,Анализ кала на цисты простейших,460,,До 2 суток. Указанный срок не включает день взятия биоматериала,https://helix.ru/catalog/item/02-012,2026-08-02T07:17:09.253Z
Helix,Екатеринбург,Все анализы,analysis,02-006,Общий анализ мочи с микроскопией,305,,До 00:00 следующего дня. Указанный срок не включает день взятия биоматериала,https://helix.ru/catalog/item/02-006,2026-08-02T07:17:09.253Z
Helix,Екатеринбург,Все анализы,analysis,02-002,Анализ мочи по Нечипоренко,290,,До 00:00 следующего дня. Указанный срок не включает день взятия биоматериала,https://helix.ru/catalog/item/02-002,2026-08-02T07:17:09.253Z
Helix,Екатеринбург,Все анализы,analysis,02-007,Скорость оседания эритроцитов (СОЭ),225,,До 00:00 следующего дня. Указанный срок не включает день взятия биоматериала,https://helix.ru/catalog/item/02-007,2026-08-02T07:17:09.253Z
Helix,Екатеринбург,Все анализы,analysis,02-004,Микроскопическое исследование секрета предстательной железы (микрофлора),535,,До 00:00 следующего дня. Указанный срок не включает день взятия биоматериала,https://helix.ru/catalog/item/02-004,2026-08-02T07:17:09.253Z
Helix,Екатеринбург,Все анализы,analysis,02-008,Спермограмма,1930,,До 12 часов. Указанный срок не включает день взятия биоматериала,https://helix.ru/catalog/item/02-008,2026-08-02T07:17:09.253Z
Helix,Екатеринбург,Все анализы,analysis,02-037,Тельца Гейнца,300,,До 00:00 следующего дня. Указанный срок не включает день взятия биоматериала,https://helix.ru/catalog/item/02-037,2026-08-02T07:17:09.253Z
Helix,Екатеринбург,Все анализы,analysis,02-025,Лейкоцитарная формула (с микроскопией мазка крови при выявлении патологических изменений),340,,До 00:00 следующего дня. Указанный срок не включает день взятия биоматериала,https://helix.ru/catalog/item/02-025,2026-08-02T07:17:09.253Z
Helix,Екатеринбург,Все анализы,complex,02-029,"Клинический анализ крови: общий анализ, лейкоцитарная формула, СОЭ (с микроскопией мазка крови при выявлении патологических изменений)",510,,До 00:00 следующего дня. Указанный срок не включает день взятия биоматериала,https://helix.ru/catalog/item/02-029,2026-08-02T07:17:09.253Z
Helix,Екатеринбург,Все анализы,analysis,02-036,Базофильная зернистость эритроцитов,540,,До 00:00 следующего дня. Указанный срок не включает день взятия биоматериала,https://helix.ru/catalog/item/02-036,2026-08-02T07:17:09.253Z
Helix,Екатеринбург,Все анализы,analysis,02-014,Общий анализ крови (без лейкоцитарной формулы и СОЭ),305,,До 00:00 следующего дня. Указанный срок не включает день взятия биоматериала,https://helix.ru/catalog/item/02-014,2026-08-02T07:17:09.253Z
Helix,Екатеринбург,Все анализы,analysis,02-032,Проба Сулковича,250,,До 00:00 следующего дня. Указанный срок не включает день взятия биоматериала,https://helix.ru/catalog/item/02-032,2026-08-02T07:17:09.253Z
Helix,Екатеринбург,Все анализы,analysis,02-034,Микроскопическое исследование на наличие клещей рода демодекс (Demodex spp. ),490,,До 2 суток. Указанный срок не включает день взятия биоматериала,https://helix.ru/catalog/item/02-034,2026-08-02T07:17:09.253Z
Helix,Екатеринбург,Все анализы,analysis,02-027,Ретикулоциты,390,,До 00:00 следующего дня. Указанный срок не включает день взятия биоматериала,https://helix.ru/catalog/item/02-027,2026-08-02T07:17:09.253Z
Helix,Екатеринбург,Все анализы,analysis,02-033,Микроскопическое исследование мазка со слизистой оболочки носа,870,,До 2 суток. Указанный срок не включает день взятия биоматериала,https://helix.ru/catalog/item/02-033,2026-08-02T07:17:09.253Z
Helix,Екатеринбург,Все анализы,analysis,02-015,Микроскопическое исследование отделяемого мочеполовых органов мужчин (микрофлора),480,,До 00:00 следующего дня,https://helix.ru/catalog/item/02-015,2026-08-02T07:17:09.253Z
Helix,Екатеринбург,Все анализы,analysis,02-031,Содержание углеводов в кале,705,,До 2 суток. Указанный срок не включает день взятия биоматериала,https://helix.ru/catalog/item/02-031,2026-08-02T07:17:09.253Z
Helix,Екатеринбург,Все анализы,analysis,02-021,Общий анализ мокроты,890,,До 2 суток. Указанный срок не включает день взятия биоматериала,https://helix.ru/catalog/item/02-021,2026-08-02T07:17:09.253Z
Helix,Екатеринбург,Все анализы,complex,02-056,"Анализ кала на яйца и личинки гельминтов, простейшие и их цисты (Parasep)",1140,,До 2 суток. Указанный срок не включает день взятия биоматериала,https://helix.ru/catalog/item/02-056,2026-08-02T07:17:09.253Z
Helix,Екатеринбург,Все анализы,complex,02-050,Спермограмма с МАР-тестом (определение наличия антиспермальных антител класса IgA/IgG),8430,,До 12 часов. Указанный срок не включает день взятия биоматериала,https://helix.ru/catalog/item/02-050,2026-08-02T07:17:09.253Z
Helix,Екатеринбург,Все анализы,complex,02-052,"МАР-тест (определение наличия антиспермальных антител класса IgA, IgG)",7990,,До 12 часов. Указанный срок не включает день взятия биоматериала,https://helix.ru/catalog/item/02-052,2026-08-02T07:17:09.253Z
Helix,Екатеринбург,Все анализы,analysis,02-058,Карбоксигемоглобин и метгемоглобин в крови,1335,,До 4 суток. Указанный срок не включает день взятия биоматериала,https://helix.ru/catalog/item/02-058,2026-08-02T07:17:09.253Z
Helix,Екатеринбург,Все анализы,analysis,02-038,"Скрытая кровь в кале, количественно (метод FOB Gold)",1255,,До 2 суток. Указанный срок не включает день взятия биоматериала,https://helix.ru/catalog/item/02-038,2026-08-02T07:17:09.253Z
Helix,Екатеринбург,Все анализы,complex,02-043,"Клинический анализ крови: общий анализ, лейкоцитарная формула, СОЭ (с обязательной микроскопией мазка крови)",705,,До 00:00 следующего дня. Указанный срок не включает день взятия биоматериала,https://helix.ru/catalog/item/02-043,2026-08-02T07:17:09.253Z
Helix,Екатеринбург,Все анализы,analysis,02-042,Лейкоцитарная формула (с обязательной микроскопией мазка крови),350,,До 00:00 следующего дня. Указанный срок не включает день взятия биоматериала,https://helix.ru/catalog/item/02-042,2026-08-02T07:17:09.253Z
Helix,Екатеринбург,Все анализы,analysis,02-053,Анализ на энтеробиоз,340,,До 00:00 следующего дня. Указанный срок не включает день взятия биоматериала,https://helix.ru/catalog/item/02-053,2026-08-02T07:17:09.253Z
Helix,Екатеринбург,Все анализы,analysis,02-041,Клинический анализ крови с микроскопией лейкоцитарной формулы,500,,До 00:00 следующего дня. Указанный срок не включает день взятия биоматериала,https://helix.ru/catalog/item/02-041,2026-08-02T07:17:09.253Z
Helix,Екатеринбург,Все анализы,analysis,02-057,"Микроскопическое исследование отделяемого мочеполовых органов женщин (микрофлора), 2 локализации",460,,До 00:00 следующего дня,https://helix.ru/catalog/item/02-057,2026-08-02T07:17:09.253Z
Helix,Екатеринбург,Все анализы,analysis,02-048,Анализ кала на скрытую кровь (ColonView),1340,,До 2 суток. Указанный срок не включает день взятия биоматериала,https://helix.ru/catalog/item/02-048,2026-08-02T07:17:09.253Z
Helix,Екатеринбург,Все анализы,analysis,02-055,Определение химического состава мочевого камня методом инфракрасной спектроскопии,4195,,До 6 суток. Указанный срок не включает день взятия биоматериала,https://helix.ru/catalog/item/02-055,2026-08-02T07:17:09.253Z
Helix,Екатеринбург,Все анализы,analysis,03-005,Группа крови ABO,490,,До 00:00 следующего дня,https://helix.ru/catalog/item/03-005,2026-08-02T07:17:09.253Z
Helix,Екатеринбург,Все анализы,analysis,03-010,Тромбиновое время,345,,До 00:00 следующего дня. Указанный срок не включает день взятия биоматериала,https://helix.ru/catalog/item/03-010,2026-08-02T07:17:09.253Z
Helix,Екатеринбург,Все анализы,complex,03-002,Антитромбин III,585,,До 00:00 следующего дня. Указанный срок не включает день взятия биоматериала,https://helix.ru/catalog/item/03-002,2026-08-02T07:17:09.253Z
Helix,Екатеринбург,Все анализы,analysis,03-008,Резус-фактор,490,,До 00:00 следующего дня,https://helix.ru/catalog/item/03-008,2026-08-02T07:17:09.253Z
Helix,Екатеринбург,Все анализы,analysis,03-004,Волчаночный антикоагулянт,4150,,До 2 суток. Указанный срок не включает день взятия биоматериала,https://helix.ru/catalog/item/03-004,2026-08-02T07:17:09.253Z
Helix,Екатеринбург,Все анализы,analysis,03-011,Фибриноген,345,,До 00:00 следующего дня. Указанный срок не включает день взятия биоматериала,https://helix.ru/catalog/item/03-011,2026-08-02T07:17:09.253Z
Helix,Екатеринбург,Все анализы,analysis,03-007,"Коагулограмма №1 (протромбин (по Квику), МНО)",365,,До 00:00 следующего дня. Указанный срок не включает день взятия биоматериала,https://helix.ru/catalog/item/03-007,2026-08-02T07:17:09.253Z
Helix,Екатеринбург,Все анализы,analysis,02-060,Метгемоглобин в крови,750,,До 4 суток. Указанный срок не включает день взятия биоматериала,https://helix.ru/catalog/item/02-060,2026-08-02T07:17:09.253Z
Helix,Екатеринбург,Все анализы,analysis,03-003,Активированное частичное тромбопластиновое время (АЧТВ),280,,До 00:00 следующего дня. Указанный срок не включает день взятия биоматериала,https://helix.ru/catalog/item/03-003,2026-08-02T07:17:09.253Z
Helix,Екатеринбург,Все анализы,analysis,02-059,Карбоксигемоглобин в крови,750,,До 4 суток. Указанный срок не включает день взятия биоматериала,https://helix.ru/catalog/item/02-059,2026-08-02T07:17:09.253Z
Helix,Екатеринбург,Все анализы,analysis,03-001,D-димер,1225,,До 00:00 следующего дня. Указанный срок не включает день взятия биоматериала,https://helix.ru/catalog/item/03-001,2026-08-02T07:17:09.253Z
Helix,Екатеринбург,Все анализы,analysis,03-013,Эритропоэтин,1565,,До 10 суток. Указанный срок не включает день взятия биоматериала,https://helix.ru/catalog/item/03-013,2026-08-02T07:17:09.253Z
Helix,Екатеринбург,Все анализы,analysis,03-020,"Плазминоген, % активности",1010,,До 3 суток. Указанный срок не включает день взятия биоматериала,https://helix.ru/catalog/item/03-020,2026-08-02T07:17:09.253Z
Helix,Екатеринбург,Все анализы,analysis,06-006,Амилаза панкреатическая,335,,До 2 суток. Указанный срок не включает день взятия биоматериала,https://helix.ru/catalog/item/06-006,2026-08-02T07:17:09.253Z
Helix,Екатеринбург,Все анализы,complex,03-015,"Коагулограмма №2 (протромбин (по Квику), МНО, фибриноген)",675,,До 00:00 следующего дня. Указанный срок не включает день взятия биоматериала,https://helix.ru/catalog/item/03-015,2026-08-02T07:17:09.253Z
Helix,Екатеринбург,Все анализы,complex,03-019,Протеин S свободный,2930,,До 4 суток. Указанный срок не включает день взятия биоматериала,https://helix.ru/catalog/item/03-019,2026-08-02T07:17:09.253Z
Helix,Екатеринбург,Все анализы,analysis,06-001,С-концевые телопептиды коллагена I типа (β-CrossLaps) - маркер резорбции костной ткани,1155,,До 4 суток,https://helix.ru/catalog/item/06-001,2026-08-02T07:17:09.253Z
Helix,Екатеринбург,Все анализы,analysis,06-007,Антистрептолизин О,535,,До 2 суток. Указанный срок не включает день взятия биоматериала,https://helix.ru/catalog/item/06-007,2026-08-02T07:17:09.253Z
Helix,Екатеринбург,Все анализы,complex,03-018,Протеин C,2335,,До 9 суток. Указанный срок не включает день взятия биоматериала,https://helix.ru/catalog/item/03-018,2026-08-02T07:17:09.253Z
Helix,Екатеринбург,Все анализы,analysis,06-002,N-остеокальцин - маркер костного ремоделирования,945,,До 00:00 следующего дня. Указанный срок не включает день взятия биоматериала,https://helix.ru/catalog/item/06-002,2026-08-02T07:17:09.253Z
Helix,Екатеринбург,Все анализы,complex,03-016,"Коагулограмма №3 (протромбин (по Квику), МНО, фибриноген, АТIII, АЧТВ, D-димер)",2660,,До 00:00 следующего дня. Указанный срок не включает день взятия биоматериала,https://helix.ru/catalog/item/03-016,2026-08-02T07:17:09.253Z
Helix,Екатеринбург,Все анализы,analysis,06-005,Амилаза общая в сыворотке,290,,До 2 суток. Указанный срок не включает день взятия биоматериала,https://helix.ru/catalog/item/06-005,2026-08-02T07:17:09.253Z
Helix,Екатеринбург,Все анализы,analysis,06-003,Аланинаминотрансфераза (АЛТ),220,,До 2 суток. Указанный срок не включает день взятия биоматериала,https://helix.ru/catalog/item/06-003,2026-08-02T07:17:09.253Z
Helix,Екатеринбург,Все анализы,analysis,06-004,Альбумин в сыворотке,285,,До 2 суток. Указанный срок не включает день взятия биоматериала,https://helix.ru/catalog/item/06-004,2026-08-02T07:17:09.253Z
Helix,Екатеринбург,Все анализы,complex,06-018,Железосвязывающая способность сыворотки,360,,До 2 суток. Указанный срок не включает день взятия биоматериала,https://helix.ru/catalog/item/06-018,2026-08-02T07:17:09.253Z
Helix,Екатеринбург,Все анализы,complex,06-019,"Калий, натрий, хлор в сыворотке",380,,До 00:00 следующего дня. Указанный срок не включает день взятия биоматериала,https://helix.ru/catalog/item/06-019,2026-08-02T07:17:09.253Z
Helix,Екатеринбург,Все анализы,analysis,06-008,Аполипопротеин B,595,,До 2 суток. Указанный срок не включает день взятия биоматериала,https://helix.ru/catalog/item/06-008,2026-08-02T07:17:09.253Z
Helix,Екатеринбург,Все анализы,analysis,06-010,Аспартатаминотрансфераза (АСТ),220,,До 2 суток. Указанный срок не включает день взятия биоматериала,https://helix.ru/catalog/item/06-010,2026-08-02T07:17:09.253Z
Helix,Екатеринбург,Все анализы,analysis,06-015,Глюкоза в плазме,180,,До 00:00 следующего дня. Указанный срок не включает день взятия биоматериала,https://helix.ru/catalog/item/06-015,2026-08-02T07:17:09.253Z
Helix,Екатеринбург,Все анализы,analysis,06-016,Гомоцистеин,1385,,До 00:00 следующего дня. Указанный срок не включает день взятия биоматериала,https://helix.ru/catalog/item/06-016,2026-08-02T07:17:09.253Z
Helix,Екатеринбург,Все анализы,analysis,06-013,Гамма-глютамилтранспептидаза (гамма-ГТ),235,,До 2 суток. Указанный срок не включает день взятия биоматериала,https://helix.ru/catalog/item/06-013,2026-08-02T07:17:09.253Z
Helix,Екатеринбург,Все анализы,analysis,06-012,Витамин B12 (цианокобаламин),695,,До 2 суток. Указанный срок не включает день взятия биоматериала,https://helix.ru/catalog/item/06-012,2026-08-02T07:17:09.253Z
Helix,Екатеринбург,Все анализы,analysis,06-014,Гликированный гемоглобин (HbA1c),525,,До 2 суток. Указанный срок не включает день взятия биоматериала,https://helix.ru/catalog/item/06-014,2026-08-02T07:17:09.253Z
Helix,Екатеринбург,Все анализы,analysis,06-017,Железо в сыворотке,265,,До 2 суток. Указанный срок не включает день взятия биоматериала,https://helix.ru/catalog/item/06-017,2026-08-02T07:17:09.253Z
Helix,Екатеринбург,Все анализы,analysis,06-009,Аполипопротеин A1,640,,До 4 суток,https://helix.ru/catalog/item/06-009,2026-08-02T07:17:09.253Z
Helix,Екатеринбург,Все анализы,analysis,06-011,Белковые фракции в сыворотке,565,,До 5 суток. Указанный срок не включает день взятия биоматериала,https://helix.ru/catalog/item/06-011,2026-08-02T07:17:09.253Z
Helix,Екатеринбург,Все анализы,analysis,06-024,Лактат,710,,До 2 суток. Указанный срок не включает день взятия биоматериала,https://helix.ru/catalog/item/06-024,2026-08-02T07:17:09.253Z
Helix,Екатеринбург,Все анализы,analysis,06-021,Креатинин в сыворотке (с определением СКФ),225,,До 2 суток. Указанный срок не включает день взятия биоматериала,https://helix.ru/catalog/item/06-021,2026-08-02T07:17:09.253Z
Helix,Екатеринбург,Все анализы,analysis,06-025,Лактатдегидрогеназа (ЛДГ) общая,240,,До 2 суток. Указанный срок не включает день взятия биоматериала,https://helix.ru/catalog/item/06-025,2026-08-02T07:17:09.253Z
Helix,Екатеринбург,Все анализы,analysis,06-023,Креатинкиназа MB,450,,До 2 суток. Указанный срок не включает день взятия биоматериала,https://helix.ru/catalog/item/06-023,2026-08-02T07:17:09.253Z
Helix,Екатеринбург,Все анализы,analysis,06-020,Кальций в сыворотке,285,,До 2 суток. Указанный срок не включает день взятия биоматериала,https://helix.ru/catalog/item/06-020,2026-08-02T07:17:09.253Z
Helix,Екатеринбург,Все анализы,analysis,06-029,Холестерол – липопротеины низкой плотности (ЛПНП),270,,До 2 суток. Указанный срок не включает день взятия биоматериала,https://helix.ru/catalog/item/06-029,2026-08-02T07:17:09.253Z
Helix,Екатеринбург,Все анализы,analysis,06-027,Липаза,395,,До 2 суток. Указанный срок не включает день взятия биоматериала,https://helix.ru/catalog/item/06-027,2026-08-02T07:17:09.253Z
Helix,Екатеринбург,Все анализы,analysis,06-033,Мочевая кислота в сыворотке,230,,До 2 суток. Указанный срок не включает день взятия биоматериала,https://helix.ru/catalog/item/06-033,2026-08-02T07:17:09.253Z
Helix,Екатеринбург,Все анализы,analysis,06-028,Холестерол – липопротеины высокой плотности (ЛПВП),300,,До 2 суток. Указанный срок не включает день взятия биоматериала,https://helix.ru/catalog/item/06-028,2026-08-02T07:17:09.253Z
Helix,Екатеринбург,Все анализы,analysis,06-022,Креатинкиназа общая,325,,До 2 суток. Указанный срок не включает день взятия биоматериала,https://helix.ru/catalog/item/06-022,2026-08-02T07:17:09.253Z
Helix,Екатеринбург,Все анализы,analysis,06-026,"Лактатдегидрогеназа 1, 2 (ЛДГ 1, 2 фракции)",315,,До 2 суток. Указанный срок не включает день взятия биоматериала,https://helix.ru/catalog/item/06-026,2026-08-02T07:17:09.253Z
Helix,Екатеринбург,Все анализы,analysis,06-031,Магний в сыворотке,340,,До 2 суток. Указанный срок не включает день взятия биоматериала,https://helix.ru/catalog/item/06-031,2026-08-02T07:17:09.253Z
Helix,Екатеринбург,Все анализы,analysis,06-040,Трансферрин,615,,До 2 суток. Указанный срок не включает день взятия биоматериала,https://helix.ru/catalog/item/06-040,2026-08-02T07:17:09.253Z
Helix,Екатеринбург,Все анализы,analysis,06-042,Ферритин,610,,До 2 суток. Указанный срок не включает день взятия биоматериала,https://helix.ru/catalog/item/06-042,2026-08-02T07:17:09.253Z
Helix,Екатеринбург,Все анализы,analysis,06-035,Белок общий в сыворотке,230,,До 2 суток. Указанный срок не включает день взятия биоматериала,https://helix.ru/catalog/item/06-035,2026-08-02T07:17:09.253Z
Helix,Екатеринбург,Все анализы,analysis,06-043,Витамин B9 (фолиевая кислота),1040,,До 2 суток. Указанный срок не включает день взятия биоматериала,https://helix.ru/catalog/item/06-043,2026-08-02T07:17:09.253Z
Helix,Екатеринбург,Все анализы,analysis,06-036,Билирубин общий,230,,До 2 суток. Указанный срок не включает день взятия биоматериала,https://helix.ru/catalog/item/06-036,2026-08-02T07:17:09.253Z
Helix,Екатеринбург,Все анализы,analysis,06-039,С-пептид в сыворотке,675,,До 2 суток. Указанный срок не включает день взятия биоматериала,https://helix.ru/catalog/item/06-039,2026-08-02T07:17:09.253Z
Helix,Екатеринбург,Все анализы,analysis,06-045,Фосфатаза щелочная общая,225,,До 2 суток. Указанный срок не включает день взятия биоматериала,https://helix.ru/catalog/item/06-045,2026-08-02T07:17:09.253Z
Helix,Екатеринбург,Все анализы,analysis,06-034,Мочевина в сыворотке,240,,До 2 суток. Указанный срок не включает день взятия биоматериала,https://helix.ru/catalog/item/06-034,2026-08-02T07:17:09.253Z
Helix,Екатеринбург,Все анализы,analysis,06-041,Триглицериды,260,,До 2 суток. Указанный срок не включает день взятия биоматериала,https://helix.ru/catalog/item/06-041,2026-08-02T07:17:09.253Z
Helix,Екатеринбург,Все анализы,analysis,06-037,Билирубин прямой,255,,До 2 суток. Указанный срок не включает день взятия биоматериала,https://helix.ru/catalog/item/06-037,2026-08-02T07:17:09.253Z
Helix,Екатеринбург,Все анализы,analysis,06-046,Фосфор в сыворотке,290,,До 2 суток. Указанный срок не включает день взятия биоматериала,https://helix.ru/catalog/item/06-046,2026-08-02T07:17:09.253Z
Helix,Екатеринбург,Все анализы,analysis,06-038,Белок общий в моче,225,,До 2 суток. Указанный срок не включает день взятия биоматериала,https://helix.ru/catalog/item/06-038,2026-08-02T07:17:09.253Z
Helix,Екатеринбург,Все анализы,analysis,06-054,Кальций в суточной моче,410,,До 2 суток. Указанный срок не включает день взятия биоматериала,https://helix.ru/catalog/item/06-054,2026-08-02T07:17:09.253Z
Helix,Екатеринбург,Все анализы,analysis,06-049,Холинэстераза в сыворотке,300,,До 8 суток. Указанный срок не включает день взятия биоматериала,https://helix.ru/catalog/item/06-049,2026-08-02T07:17:09.253Z
Helix,Екатеринбург,Все анализы,analysis,06-048,Холестерол общий,230,,До 2 суток. Указанный срок не включает день взятия биоматериала,https://helix.ru/catalog/item/06-048,2026-08-02T07:17:09.253Z
Helix,Екатеринбург,Все анализы,analysis,06-051,Кальций ионизированный,380,,До 3 суток. Указанный срок не включает день взятия биоматериала,https://helix.ru/catalog/item/06-051,2026-08-02T07:17:09.253Z
Helix,Екатеринбург,Все анализы,analysis,06-058,Мочевина в суточной моче,240,,До 2 суток. Указанный срок не включает день взятия биоматериала,https://helix.ru/catalog/item/06-058,2026-08-02T07:17:09.253Z
Helix,Екатеринбург,Все анализы,analysis,06-059,Мочевая кислота в суточной моче,240,,До 2 суток. Указанный срок не включает день взятия биоматериала,https://helix.ru/catalog/item/06-059,2026-08-02T07:17:09.253Z
Helix,Екатеринбург,Все анализы,analysis,06-047,Фруктозамин,755,,До 5 суток. Указанный срок не включает день взятия биоматериала,https://helix.ru/catalog/item/06-047,2026-08-02T07:17:09.253Z
Helix,Екатеринбург,Все анализы,analysis,06-056,Фосфор в суточной моче,280,,До 2 суток. Указанный срок не включает день взятия биоматериала,https://helix.ru/catalog/item/06-056,2026-08-02T07:17:09.253Z
Helix,Екатеринбург,Все анализы,analysis,06-057,Креатинин в суточной моче,245,,До 2 суток. Указанный срок не включает день взятия биоматериала,https://helix.ru/catalog/item/06-057,2026-08-02T07:17:09.253Z
Helix,Екатеринбург,Все анализы,analysis,06-053,Амилаза общая в суточной моче,310,,До 2 суток. Указанный срок не включает день взятия биоматериала,https://helix.ru/catalog/item/06-053,2026-08-02T07:17:09.253Z
Helix,Екатеринбург,Все анализы,analysis,06-050,"С-реактивный белок, количественно (высокочувствительный метод)",495,,До 2 суток. Указанный срок не включает день взятия биоматериала,https://helix.ru/catalog/item/06-050,2026-08-02T07:17:09.253Z
Helix,Екатеринбург,Все анализы,analysis,06-055,Магний в суточной моче,295,,До 2 суток. Указанный срок не включает день взятия биоматериала,https://helix.ru/catalog/item/06-055,2026-08-02T07:17:09.253Z
Helix,Екатеринбург,Все анализы,complex,06-071,Глюкозотолерантный тест (расширенный),875,,До 00:00 следующего дня. Указанный срок не включает день взятия биоматериала,https://helix.ru/catalog/item/06-071,2026-08-02T07:17:09.253Z
Helix,Екатеринбург,Все анализы,complex,06-062,"Калий, натрий, хлор в суточной моче",340,,До 00:00 следующего дня. Указанный срок не включает день взятия биоматериала,https://helix.ru/catalog/item/06-062,2026-08-02T07:17:09.253Z
Helix,Екатеринбург,Все анализы,complex,06-078,Альфа-1-антитрипсин,1510,,До 4 суток,https://helix.ru/catalog/item/06-078,2026-08-02T07:17:09.253Z
Helix,Екатеринбург,Все анализы,analysis,06-061,Глюкоза в ликворе,225,,До 2 суток. Указанный срок не включает день взятия биоматериала,https://helix.ru/catalog/item/06-061,2026-08-02T07:17:09.253Z
Helix,Екатеринбург,Все анализы,analysis,06-077,Гаптоглобин,850,,До 4 суток. Указанный срок не включает день взятия биоматериала,https://helix.ru/catalog/item/06-077,2026-08-02T07:17:09.253Z
Helix,Екатеринбург,Все анализы,analysis,06-060,Белок общий в ликворе,290,,До 00:00 следующего дня. Указанный срок не включает день взятия биоматериала,https://helix.ru/catalog/item/06-060,2026-08-02T07:17:09.253Z
Helix,Екатеринбург,Все анализы,analysis,06-064,Калий в сыворотке,255,,До 00:00 следующего дня. Указанный срок не включает день взятия биоматериала,https://helix.ru/catalog/item/06-064,2026-08-02T07:17:09.253Z
Helix,Екатеринбург,Все анализы,analysis,06-065,Натрий в сыворотке,255,,До 00:00 следующего дня. Указанный срок не включает день взятия биоматериала,https://helix.ru/catalog/item/06-065,2026-08-02T07:17:09.253Z
Helix,Екатеринбург,Все анализы,analysis,06-067,Калий в суточной моче,250,,До 00:00 следующего дня. Указанный срок не включает день взятия биоматериала,https://helix.ru/catalog/item/06-067,2026-08-02T07:17:09.253Z
Helix,Екатеринбург,Все анализы,analysis,06-068,Натрий в суточной моче,250,,До 00:00 следующего дня. Указанный срок не включает день взятия биоматериала,https://helix.ru/catalog/item/06-068,2026-08-02T07:17:09.253Z
Helix,Екатеринбург,Все анализы,analysis,06-069,Хлор в суточной моче,250,,До 00:00 следующего дня. Указанный срок не включает день взятия биоматериала,https://helix.ru/catalog/item/06-069,2026-08-02T07:17:09.253Z
Helix,Екатеринбург,Все анализы,analysis,06-066,Хлор в сыворотке,255,,До 00:00 следующего дня. Указанный срок не включает день взятия биоматериала,https://helix.ru/catalog/item/06-066,2026-08-02T07:17:09.253Z
Helix,Екатеринбург,Все анализы,analysis,06-082,Цинк в сыворотке,1230,,До 5 суток. Указанный срок не включает день взятия биоматериала,https://helix.ru/catalog/item/06-082,2026-08-02T07:17:09.253Z
Helix,Екатеринбург,Все анализы,complex,06-080,Церулоплазмин,830,,До 5 суток. Указанный срок не включает день взятия биоматериала,https://helix.ru/catalog/item/06-080,2026-08-02T07:17:09.253Z
Helix,Екатеринбург,Все анализы,analysis,06-079,Миоглобин,790,,До 3 суток. Указанный срок не включает день взятия биоматериала,https://helix.ru/catalog/item/06-079,2026-08-02T07:17:09.253Z
Helix,Екатеринбург,Все анализы,analysis,06-083,Медь в плазме,1230,,До 5 суток. Указанный срок не включает день взятия биоматериала,https://helix.ru/catalog/item/06-083,2026-08-02T07:17:09.253Z
Helix,Екатеринбург,Все анализы,analysis,06-085,Бор в плазме,1230,,До 4 суток. Указанный срок не включает день взятия биоматериала,https://helix.ru/catalog/item/06-085,2026-08-02T07:17:09.253Z
Helix,Екатеринбург,Все анализы,analysis,06-086,Алюминий в плазме,1230,,До 4 суток. Указанный срок не включает день взятия биоматериала,https://helix.ru/catalog/item/06-086,2026-08-02T07:17:09.253Z
Helix,Екатеринбург,Все анализы,analysis,06-084,Литий в плазме,1230,,До 6 суток. Указанный срок не включает день взятия биоматериала,https://helix.ru/catalog/item/06-084,2026-08-02T07:17:09.253Z
Helix,Екатеринбург,Все анализы,analysis,06-088,Титан в плазме,1230,,До 4 суток. Указанный срок не включает день взятия биоматериала,https://helix.ru/catalog/item/06-088,2026-08-02T07:17:09.253Z
Helix,Екатеринбург,Все анализы,analysis,06-087,Кремний в плазме,1230,,До 4 суток. Указанный срок не включает день взятия биоматериала,https://helix.ru/catalog/item/06-087,2026-08-02T07:17:09.253Z
Helix,Екатеринбург,Все анализы,analysis,06-089,Хром в плазме,1230,,До 4 суток. Указанный срок не включает день взятия биоматериала,https://helix.ru/catalog/item/06-089,2026-08-02T07:17:09.253Z
Helix,Екатеринбург,Все анализы,analysis,06-090,Марганец в плазме,1230,,До 4 суток. Указанный срок не включает день взятия биоматериала,https://helix.ru/catalog/item/06-090,2026-08-02T07:17:09.253Z
Helix,Екатеринбург,Все анализы,analysis,06-091,Кобальт в плазме,1230,,До 4 суток. Указанный срок не включает день взятия биоматериала,https://helix.ru/catalog/item/06-091,2026-08-02T07:17:09.253Z
Helix,Екатеринбург,Все анализы,analysis,06-103,Витамин B5 (пантотеновая кислота),2535,,До 7 суток. Указанный срок не включает день взятия биоматериала,https://helix.ru/catalog/item/06-103,2026-08-02T07:17:09.253Z
Helix,Екатеринбург,Все анализы,analysis,06-099,Свинец в цельной крови,1230,,До 4 суток. Указанный срок не включает день взятия биоматериала,https://helix.ru/catalog/item/06-099,2026-08-02T07:17:09.253Z
Helix,Екатеринбург,Все анализы,analysis,06-092,Никель в плазме,1230,,До 4 суток. Указанный срок не включает день взятия биоматериала,https://helix.ru/catalog/item/06-092,2026-08-02T07:17:09.253Z
Helix,Екатеринбург,Все анализы,analysis,06-093,Мышьяк в плазме,1230,,До 4 суток. Указанный срок не включает день взятия биоматериала,https://helix.ru/catalog/item/06-093,2026-08-02T07:17:09.253Z
Helix,Екатеринбург,Все анализы,analysis,06-094,Селен в плазме,1230,,До 4 суток. Указанный срок не включает день взятия биоматериала,https://helix.ru/catalog/item/06-094,2026-08-02T07:17:09.253Z
Helix,Екатеринбург,Все анализы,analysis,06-095,Молибден в плазме,1230,,До 4 суток. Указанный срок не включает день взятия биоматериала,https://helix.ru/catalog/item/06-095,2026-08-02T07:17:09.253Z
Helix,Екатеринбург,Все анализы,analysis,06-096,Кадмий в плазме,1230,,До 4 суток. Указанный срок не включает день взятия биоматериала,https://helix.ru/catalog/item/06-096,2026-08-02T07:17:09.253Z
Helix,Екатеринбург,Все анализы,analysis,06-097,Сурьма в плазме,1230,,До 4 суток. Указанный срок не включает день взятия биоматериала,https://helix.ru/catalog/item/06-097,2026-08-02T07:17:09.253Z
Helix,Екатеринбург,Все анализы,analysis,06-098,Ртуть в плазме,1230,,До 4 суток. Указанный срок не включает день взятия биоматериала,https://helix.ru/catalog/item/06-098,2026-08-02T07:17:09.253Z
Helix,Екатеринбург,Все анализы,analysis,06-102,Витамин B1 (тиамин),2530,,До 5 суток. Указанный срок не включает день взятия биоматериала,https://helix.ru/catalog/item/06-102,2026-08-02T07:17:09.253Z
Helix,Екатеринбург,Все анализы,analysis,06-104,Витамин B6 (пиридоксаль-5-фосфат),2680,,До 5 суток. Указанный срок не включает день взятия биоматериала,https://helix.ru/catalog/item/06-104,2026-08-02T07:17:09.253Z
Helix,Екатеринбург,Все анализы,analysis,06-101,Витамин А (ретинол),2535,,До 5 суток. Указанный срок не включает день взятия биоматериала,https://helix.ru/catalog/item/06-101,2026-08-02T07:17:09.253Z
Helix,Екатеринбург,Все анализы,complex,06-109,"Жирорастворимые витамины (A, D, E, K)",10850,,До 5 суток. Указанный срок не включает день взятия биоматериала,https://helix.ru/catalog/item/06-109,2026-08-02T07:17:09.253Z
Helix,Екатеринбург,Все анализы,analysis,06-112,Комплексный анализ крови на ненасыщенные жирные кислоты семейства омега-3,4085,,До 4 суток. Указанный срок не включает день взятия биоматериала,https://helix.ru/catalog/item/06-112,2026-08-02T07:17:09.253Z
Helix,Екатеринбург,Все анализы,analysis,06-106,"Витамин D, 25-гидрокси (кальциферол)",1135,,До 00:00 следующего дня. Указанный срок не включает день взятия биоматериала,https://helix.ru/catalog/item/06-106,2026-08-02T07:17:09.253Z
Helix,Екатеринбург,Все анализы,analysis,06-108,Витамин К (филлохинон),2550,,До 5 суток. Указанный срок не включает день взятия биоматериала,https://helix.ru/catalog/item/06-108,2026-08-02T07:17:09.253Z
Helix,Екатеринбург,Все анализы,analysis,06-115,Глюкоза в моче,230,,До 2 суток. Указанный срок не включает день взятия биоматериала,https://helix.ru/catalog/item/06-115,2026-08-02T07:17:09.253Z
Helix,Екатеринбург,Все анализы,analysis,06-114,Альбумин в моче (микроальбуминурия),465,,До 00:00 следующего дня. Указанный срок не включает день взятия биоматериала,https://helix.ru/catalog/item/06-114,2026-08-02T07:17:09.253Z
Helix,Екатеринбург,Все анализы,analysis,06-105,Витамин С (аскорбиновая кислота),2570,,До 5 суток. Указанный срок не включает день взятия биоматериала,https://helix.ru/catalog/item/06-105,2026-08-02T07:17:09.253Z
Helix,Екатеринбург,Все анализы,analysis,06-107,Витамин Е (токоферол),2590,,До 5 суток. Указанный срок не включает день взятия биоматериала,https://helix.ru/catalog/item/06-107,2026-08-02T07:17:09.253Z
Helix,Екатеринбург,Все анализы,analysis,06-116,Марганец в моче,1230,,До 4 суток. Указанный срок не включает день взятия биоматериала,https://helix.ru/catalog/item/06-116,2026-08-02T07:17:09.253Z
Helix,Екатеринбург,Все анализы,analysis,06-118,Никель в моче,1230,,До 4 суток. Указанный срок не включает день взятия биоматериала,https://helix.ru/catalog/item/06-118,2026-08-02T07:17:09.253Z
Helix,Екатеринбург,Все анализы,analysis,06-119,Мышьяк в моче,1230,,До 4 суток. Указанный срок не включает день взятия биоматериала,https://helix.ru/catalog/item/06-119,2026-08-02T07:17:09.253Z
Helix,Екатеринбург,Все анализы,analysis,06-117,Кобальт в моче,1230,,До 4 суток. Указанный срок не включает день взятия биоматериала,https://helix.ru/catalog/item/06-117,2026-08-02T07:17:09.253Z
Helix,Екатеринбург,Все анализы,analysis,06-120,Селен в моче,1230,,До 4 суток. Указанный срок не включает день взятия биоматериала,https://helix.ru/catalog/item/06-120,2026-08-02T07:17:09.253Z
Helix,Екатеринбург,Все анализы,analysis,06-121,Молибден в моче,1230,,До 4 суток. Указанный срок не включает день взятия биоматериала,https://helix.ru/catalog/item/06-121,2026-08-02T07:17:09.253Z
Helix,Екатеринбург,Все анализы,analysis,06-122,Литий в моче,1230,,До 4 суток. Указанный срок не включает день взятия биоматериала,https://helix.ru/catalog/item/06-122,2026-08-02T07:17:09.253Z
Helix,Екатеринбург,Все анализы,analysis,06-123,Бор в моче,1230,,До 4 суток. Указанный срок не включает день взятия биоматериала,https://helix.ru/catalog/item/06-123,2026-08-02T07:17:09.253Z
Helix,Екатеринбург,Все анализы,analysis,06-127,Хром в моче,1230,,До 4 суток. Указанный срок не включает день взятия биоматериала,https://helix.ru/catalog/item/06-127,2026-08-02T07:17:09.253Z
Helix,Екатеринбург,Все анализы,analysis,06-124,Алюминий в моче,1230,,До 4 суток. Указанный срок не включает день взятия биоматериала,https://helix.ru/catalog/item/06-124,2026-08-02T07:17:09.253Z
Helix,Екатеринбург,Все анализы,analysis,06-125,Кремний в моче,1230,,До 4 суток. Указанный срок не включает день взятия биоматериала,https://helix.ru/catalog/item/06-125,2026-08-02T07:17:09.253Z
Helix,Екатеринбург,Все анализы,analysis,06-126,Титан в моче,1230,,До 4 суток. Указанный срок не включает день взятия биоматериала,https://helix.ru/catalog/item/06-126,2026-08-02T07:17:09.253Z
Helix,Екатеринбург,Все анализы,analysis,06-128,Кадмий в моче,1230,,До 4 суток. Указанный срок не включает день взятия биоматериала,https://helix.ru/catalog/item/06-128,2026-08-02T07:17:09.253Z
Helix,Екатеринбург,Все анализы,analysis,06-129,Сурьма в моче,1230,,До 4 суток. Указанный срок не включает день взятия биоматериала,https://helix.ru/catalog/item/06-129,2026-08-02T07:17:09.253Z
Helix,Екатеринбург,Все анализы,analysis,06-130,Ртуть в моче,1230,,До 4 суток. Указанный срок не включает день взятия биоматериала,https://helix.ru/catalog/item/06-130,2026-08-02T07:17:09.253Z
Helix,Екатеринбург,Все анализы,analysis,06-131,Свинец в моче,1230,,До 4 суток. Указанный срок не включает день взятия биоматериала,https://helix.ru/catalog/item/06-131,2026-08-02T07:17:09.253Z
Helix,Екатеринбург,Все анализы,analysis,06-184,Глутатион восстановленный,4725,,До 5 суток. Указанный срок не включает день взятия биоматериала,https://helix.ru/catalog/item/06-184,2026-08-02T07:17:09.253Z
Helix,Екатеринбург,Все анализы,analysis,06-134,С-пептид в суточной моче,775,,До 2 суток. Указанный срок не включает день взятия биоматериала,https://helix.ru/catalog/item/06-134,2026-08-02T07:17:09.253Z
Helix,Екатеринбург,Все анализы,analysis,06-179,N-терминальный пропептид проколлагена 1 типа (P1NP) - маркер формирования костного матрикса,2145,,До 6 суток. Указанный срок не включает день взятия биоматериала,https://helix.ru/catalog/item/06-179,2026-08-02T07:17:09.253Z
Helix,Екатеринбург,Все анализы,analysis,06-182,"С-реактивный белок, количественно (метод с нормальной чувствительностью)",565,,До 2 суток. Указанный срок не включает день взятия биоматериала,https://helix.ru/catalog/item/06-182,2026-08-02T07:17:09.253Z
Helix,Екатеринбург,Все анализы,analysis,06-133,Латентная железосвязывающая способность сыворотки,270,,До 2 суток. Указанный срок не включает день взятия биоматериала,https://helix.ru/catalog/item/06-133,2026-08-02T07:17:09.253Z
Helix,Екатеринбург,Все анализы,analysis,06-157,"Мозговой натрийуретический гормон (NT-proBNP), количественно",3240,,До 2 суток. Указанный срок не включает день взятия биоматериала,https://helix.ru/catalog/item/06-157,2026-08-02T07:17:09.253Z
Helix,Екатеринбург,Все анализы,analysis,06-135,Цинк в моче,1230,,До 4 суток. Указанный срок не включает день взятия биоматериала,https://helix.ru/catalog/item/06-135,2026-08-02T07:17:09.253Z
Helix,Екатеринбург,Все анализы,complex,06-136,Медь в моче,1230,,До 4 суток. Указанный срок не включает день взятия биоматериала,https://helix.ru/catalog/item/06-136,2026-08-02T07:17:09.253Z
Helix,Екатеринбург,Все анализы,analysis,06-183,Коэнзим Q10 в крови,4630,,До 7 суток. Указанный срок не включает день взятия биоматериала,https://helix.ru/catalog/item/06-183,2026-08-02T07:17:09.253Z
Helix,Екатеринбург,Все анализы,analysis,06-185,Малоновый диальдегид в крови,7650,,До 5 суток. Указанный срок не включает день взятия биоматериала,https://helix.ru/catalog/item/06-185,2026-08-02T07:17:09.253Z
Helix,Екатеринбург,Все анализы,analysis,06-180,Фосфатаза кислая общая,415,,До 3 суток. Указанный срок не включает день взятия биоматериала,https://helix.ru/catalog/item/06-180,2026-08-02T07:17:09.253Z
Helix,Екатеринбург,Все анализы,analysis,06-178,Липопротеин (a),1225,,До 5 суток. Указанный срок не включает день взятия биоматериала,https://helix.ru/catalog/item/06-178,2026-08-02T07:17:09.253Z
Helix,Екатеринбург,Все анализы,complex,06-188,"Водорастворимые витамины (B1, B5, B6, С)",9790,,До 5 суток. Указанный срок не включает день взятия биоматериала,https://helix.ru/catalog/item/06-188,2026-08-02T07:17:09.253Z
Helix,Екатеринбург,Все анализы,complex,06-193,Анализ мочи на органические кислоты,6090,,До 5 суток. Указанный срок не включает день взятия биоматериала,https://helix.ru/catalog/item/06-193,2026-08-02T07:17:09.253Z
Helix,Екатеринбург,Все анализы,complex,06-191,Диагностика нарушения обмена пуринов и пиримидинов в моче,8205,,До 5 суток. Указанный срок не включает день взятия биоматериала,https://helix.ru/catalog/item/06-191,2026-08-02T07:17:09.253Z
Helix,Екатеринбург,Все анализы,complex,06-192,Анализ крови на органические кислоты,6090,,До 5 суток. Указанный срок не включает день взятия биоматериала,https://helix.ru/catalog/item/06-192,2026-08-02T07:17:09.253Z
Helix,Екатеринбург,Все анализы,analysis,06-186,8-ОН-дезоксигуанозин в крови,3940,,До 5 суток. Указанный срок не включает день взятия биоматериала,https://helix.ru/catalog/item/06-186,2026-08-02T07:17:09.253Z
Helix,Екатеринбург,Все анализы,analysis,06-187,Бета-каротин,2530,,До 5 суток. Указанный срок не включает день взятия биоматериала,https://helix.ru/catalog/item/06-187,2026-08-02T07:17:09.253Z
Helix,Екатеринбург,Все анализы,analysis,06-189,Гистамин в крови,3075,,До 5 суток. Указанный срок не включает день взятия биоматериала,https://helix.ru/catalog/item/06-189,2026-08-02T07:17:09.253Z
Helix,Екатеринбург,Все анализы,analysis,06-190,L-карнитин в моче (свободный и общий),5175,,До 5 суток. Указанный срок не включает день взятия биоматериала,https://helix.ru/catalog/item/06-190,2026-08-02T07:17:09.253Z
Helix,Екатеринбург,Все анализы,analysis,06-194,Литий в волосах,1230,,До 4 суток. Указанный срок не включает день взятия биоматериала,https://helix.ru/catalog/item/06-194,2026-08-02T07:17:09.253Z
Helix,Екатеринбург,Все анализы,analysis,06-195,Бор в волосах,1230,,До 4 суток. Указанный срок не включает день взятия биоматериала,https://helix.ru/catalog/item/06-195,2026-08-02T07:17:09.253Z
Helix,Екатеринбург,Все анализы,analysis,06-196,Натрий в волосах,1230,,До 4 суток. Указанный срок не включает день взятия биоматериала,https://helix.ru/catalog/item/06-196,2026-08-02T07:17:09.253Z
Helix,Екатеринбург,Все анализы,analysis,06-197,Магний в волосах,1230,,До 4 суток. Указанный срок не включает день взятия биоматериала,https://helix.ru/catalog/item/06-197,2026-08-02T07:17:09.253Z
Helix,Екатеринбург,Все анализы,analysis,06-198,Алюминий в волосах,1230,,До 4 суток. Указанный срок не включает день взятия биоматериала,https://helix.ru/catalog/item/06-198,2026-08-02T07:17:09.253Z
Helix,Екатеринбург,Все анализы,analysis,06-200,Калий в волосах,1230,,До 4 суток. Указанный срок не включает день взятия биоматериала,https://helix.ru/catalog/item/06-200,2026-08-02T07:17:09.253Z
Helix,Екатеринбург,Все анализы,analysis,06-201,Кальций в волосах,1230,,До 4 суток. Указанный срок не включает день взятия биоматериала,https://helix.ru/catalog/item/06-201,2026-08-02T07:17:09.253Z
Helix,Екатеринбург,Все анализы,analysis,06-203,Хром в волосах,1230,,До 4 суток. Указанный срок не включает день взятия биоматериала,https://helix.ru/catalog/item/06-203,2026-08-02T07:17:09.253Z
Helix,Екатеринбург,Все анализы,analysis,06-199,Кремний в волосах,1230,,До 4 суток. Указанный срок не включает день взятия биоматериала,https://helix.ru/catalog/item/06-199,2026-08-02T07:17:09.253Z
Helix,Екатеринбург,Все анализы,analysis,06-204,Марганец в волосах,1230,,До 4 суток. Указанный срок не включает день взятия биоматериала,https://helix.ru/catalog/item/06-204,2026-08-02T07:17:09.253Z
Helix,Екатеринбург,Все анализы,analysis,06-202,Титан в волосах,1230,,До 4 суток. Указанный срок не включает день взятия биоматериала,https://helix.ru/catalog/item/06-202,2026-08-02T07:17:09.253Z
Helix,Екатеринбург,Все анализы,analysis,06-205,Железо в волосах,1230,,До 4 суток. Указанный срок не включает день взятия биоматериала,https://helix.ru/catalog/item/06-205,2026-08-02T07:17:09.253Z
Helix,Екатеринбург,Все анализы,analysis,06-206,Кобальт в волосах,1230,,До 4 суток. Указанный срок не включает день взятия биоматериала,https://helix.ru/catalog/item/06-206,2026-08-02T07:17:09.253Z
Helix,Екатеринбург,Все анализы,analysis,06-207,Никель в волосах,1230,,До 4 суток. Указанный срок не включает день взятия биоматериала,https://helix.ru/catalog/item/06-207,2026-08-02T07:17:09.253Z
Helix,Екатеринбург,Все анализы,analysis,06-208,Медь в волосах,1230,,До 4 суток. Указанный срок не включает день взятия биоматериала,https://helix.ru/catalog/item/06-208,2026-08-02T07:17:09.253Z
Helix,Екатеринбург,Все анализы,analysis,06-209,Цинк в волосах,1230,,До 4 суток. Указанный срок не включает день взятия биоматериала,https://helix.ru/catalog/item/06-209,2026-08-02T07:17:09.253Z
Helix,Екатеринбург,Все анализы,complex,06-219,Комплексный анализ крови на витамины группы D (D2 и D3),4355,,До 5 суток. Указанный срок не включает день взятия биоматериала,https://helix.ru/catalog/item/06-219,2026-08-02T07:17:09.253Z
Helix,Екатеринбург,Все анализы,analysis,06-221,Комплексный анализ крови на ненасыщенные жирные кислоты семейства омега-6,4085,,До 4 суток. Указанный срок не включает день взятия биоматериала,https://helix.ru/catalog/item/06-221,2026-08-02T07:17:09.253Z
Helix,Екатеринбург,Все анализы,analysis,06-217,Витамин B2 (рибофлавин),2550,,До 6 суток. Указанный срок не включает день взятия биоматериала,https://helix.ru/catalog/item/06-217,2026-08-02T07:17:09.253Z
Helix,Екатеринбург,Все анализы,analysis,06-210,Мышьяк в волосах,1230,,До 4 суток. Указанный срок не включает день взятия биоматериала,https://helix.ru/catalog/item/06-210,2026-08-02T07:17:09.253Z
Helix,Екатеринбург,Все анализы,analysis,06-211,Селен в волосах,1230,,До 4 суток. Указанный срок не включает день взятия биоматериала,https://helix.ru/catalog/item/06-211,2026-08-02T07:17:09.253Z
Helix,Екатеринбург,Все анализы,analysis,06-212,Молибден в волосах,1230,,До 4 суток. Указанный срок не включает день взятия биоматериала,https://helix.ru/catalog/item/06-212,2026-08-02T07:17:09.253Z
Helix,Екатеринбург,Все анализы,analysis,06-213,Кадмий в волосах,1230,,До 4 суток. Указанный срок не включает день взятия биоматериала,https://helix.ru/catalog/item/06-213,2026-08-02T07:17:09.253Z
Helix,Екатеринбург,Все анализы,analysis,06-214,Сурьма в волосах,1230,,До 4 суток. Указанный срок не включает день взятия биоматериала,https://helix.ru/catalog/item/06-214,2026-08-02T07:17:09.253Z
Helix,Екатеринбург,Все анализы,analysis,06-215,Ртуть в волосах,1230,,До 4 суток. Указанный срок не включает день взятия биоматериала,https://helix.ru/catalog/item/06-215,2026-08-02T07:17:09.253Z
Helix,Екатеринбург,Все анализы,analysis,06-216,Свинец в волосах,1230,,До 4 суток. Указанный срок не включает день взятия биоматериала,https://helix.ru/catalog/item/06-216,2026-08-02T07:17:09.253Z
Helix,Екатеринбург,Все анализы,analysis,06-218,"Витамин B3 (ниацин, никотинамид)",2665,,До 5 суток. Указанный срок не включает день взятия биоматериала,https://helix.ru/catalog/item/06-218,2026-08-02T07:17:09.253Z
Helix,Екатеринбург,Все анализы,analysis,06-220,Определение омега-3-индекса,4735,,До 4 суток. Указанный срок не включает день взятия биоматериала,https://helix.ru/catalog/item/06-220,2026-08-02T07:17:09.253Z
Helix,Екатеринбург,Все анализы,complex,06-223,Анализ жирных кислот,6325,,До 5 суток. Указанный срок не включает день взятия биоматериала,https://helix.ru/catalog/item/06-223,2026-08-02T07:17:09.253Z
Helix,Екатеринбург,Все анализы,complex,06-229,"Комплексный анализ на витамины группы B (B1, B2, B3, B5, B6, B7, B9, B12)",13945,,До 5 суток. Указанный срок не включает день взятия биоматериала,https://helix.ru/catalog/item/06-229,2026-08-02T07:17:09.253Z
Helix,Екатеринбург,Все анализы,complex,06-230,"Комплексный анализ на витамины (A, D, E, K, C, B1, B5, B6)",18155,,До 5 суток. Указанный срок не включает день взятия биоматериала,https://helix.ru/catalog/item/06-230,2026-08-02T07:17:09.253Z
Helix,Екатеринбург,Все анализы,complex,06-228,"Расширенный комплексный анализ на витамины (A, бета-каротин, D, E, K, C, B1, B2, B3, B5, B6, B9, B12)",27145,,До 5 суток. Указанный срок не включает день взятия биоматериала,https://helix.ru/catalog/item/06-228,2026-08-02T07:17:09.253Z
Helix,Екатеринбург,Все анализы,complex,06-231,"Токсические микроэлементы (Cd, Hg, Pb)",2505,,До 4 суток. Указанный срок не включает день взятия биоматериала,https://helix.ru/catalog/item/06-231,2026-08-02T07:17:09.253Z
Helix,Екатеринбург,Все анализы,complex,06-233,Основные эссенциальные (жизненно необходимые) и токсичные микроэлементы (13 показателей),5815,,До 4 суток. Указанный срок не включает день взятия биоматериала,https://helix.ru/catalog/item/06-233,2026-08-02T07:17:09.253Z
Helix,Екатеринбург,Все анализы,complex,06-234,Комплексный анализ на наличие тяжелых металлов и микроэлементов (23 показателя),4685,,До 4 суток. Указанный срок не включает день взятия биоматериала,https://helix.ru/catalog/item/06-234,2026-08-02T07:17:09.253Z
Helix,Екатеринбург,Все анализы,complex,06-232,"Токсические микроэлементы и тяжелые металлы (Hg, Cd, As, Li, Pb, Al)",3885,,До 4 суток. Указанный срок не включает день взятия биоматериала,https://helix.ru/catalog/item/06-232,2026-08-02T07:17:09.253Z
Helix,Екатеринбург,Все анализы,complex,06-224,Расширенный анализ мочи на органические кислоты (63 показателя) - взрослые и дети старше 3 лет,9335,,До 7 суток. Указанный срок не включает день взятия биоматериала,https://helix.ru/catalog/item/06-224,2026-08-02T07:17:09.253Z
Helix,Екатеринбург,Все анализы,complex,06-222,Комплексный анализ крови на ненасыщенные жирные кислоты семейства омега-3 и омега-6,7760,,До 4 суток. Указанный срок не включает день взятия биоматериала,https://helix.ru/catalog/item/06-222,2026-08-02T07:17:09.253Z
Helix,Екатеринбург,Все анализы,complex,06-226,Анализ мочи на аминокислоты (34 показателя),5785,,До 6 суток. Указанный срок не включает день взятия биоматериала,https://helix.ru/catalog/item/06-226,2026-08-02T07:17:09.253Z
Helix,Екатеринбург,Все анализы,analysis,06-227,Железо в моче,1230,,До 4 суток. Указанный срок не включает день взятия биоматериала,https://helix.ru/catalog/item/06-227,2026-08-02T07:17:09.253Z
Helix,Екатеринбург,Все анализы,complex,06-235,Расширенный комплексный анализ на наличие тяжёлых металлов и микроэлементов (40 показателей),15905,,До 4 суток. Указанный срок не включает день взятия биоматериала,https://helix.ru/catalog/item/06-235,2026-08-02T07:17:09.253Z
Helix,Екатеринбург,Все анализы,complex,06-237,Диагностика нарушения обмена пуринов и пиримидинов в крови,8495,,До 5 суток. Указанный срок не включает день взятия биоматериала,https://helix.ru/catalog/item/06-237,2026-08-02T07:17:09.253Z
Helix,Екатеринбург,Все анализы,complex,06-240,"Метаболиты витамина D (25-гидроксихолекальциферол и 1,25-дигидроксихолекальциферол)",4430,,До 5 суток. Указанный срок не включает день взятия биоматериала,https://helix.ru/catalog/item/06-240,2026-08-02T07:17:09.253Z
Helix,Екатеринбург,Все анализы,complex,06-242,"Витамины и микроэлементы, участвующие в регуляции антиоксидантной системы (Fe, Cu, Zn, Se, S, Co, Mn, Mg, витамины A, C, E, K, B2, B5, B6, омега-3, омега-6 жирные кислоты)",32425,,До 5 суток. Указанный срок не включает день взятия биоматериала,https://helix.ru/catalog/item/06-242,2026-08-02T07:17:09.253Z
Helix,Екатеринбург,Все анализы,complex,06-241,"Витамины и микроэлементы, участвующие в регуляции иммунной системы (Fe, Cu, Zn, Cr, Mn, Se, Mg, Hg, Ni, Co, Li, витамины C, E, A, B9, B12, B5, B6, D)",26055,,До 5 суток. Указанный срок не включает день взятия биоматериала,https://helix.ru/catalog/item/06-241,2026-08-02T07:17:09.253Z
Helix,Екатеринбург,Все анализы,complex,06-243,"Витамины и микроэлементы, участвующие в регуляции детоксикационной системы печени (Fe, Mg, Mo, Zn, S, витамины A, C, B1, B3, B5, B6, B9, B12)",20445,,До 5 суток. Указанный срок не включает день взятия биоматериала,https://helix.ru/catalog/item/06-243,2026-08-02T07:17:09.253Z
Helix,Екатеринбург,Все анализы,complex,06-244,"Витамины и микроэлементы, влияющие на состояние кожи, ногтей, волос (K, Na, Ca, Mg, Fe, Cu, Zn, S, P, витамины A, C, E, B1, B2, B3, B5, B6, B9, B12)",26335,,До 5 суток. Указанный срок не включает день взятия биоматериала,https://helix.ru/catalog/item/06-244,2026-08-02T07:17:09.253Z
Helix,Екатеринбург,Все анализы,complex,06-245,"Витамины и микроэлементы, влияющие на состояние костной системы (K, Ca, Mg, Si, S, P, Fe, Cu, Zn, витамины K, D, B9, B12)",11175,,До 5 суток. Указанный срок не включает день взятия биоматериала,https://helix.ru/catalog/item/06-245,2026-08-02T07:17:09.253Z
Helix,Екатеринбург,Все анализы,complex,06-246,"Витамины и микроэлементы, влияющие на состояние мышечной системы (K, Na, Ca, Mg, Zn, Mn, витамины B1, B5)",8215,,До 5 суток. Указанный срок не включает день взятия биоматериала,https://helix.ru/catalog/item/06-246,2026-08-02T07:17:09.253Z
Helix,Екатеринбург,Все анализы,complex,06-247,"Витамины и микроэлементы, влияющие на состояние женской репродуктивной системы (Fe, Cu, Zn, Se, Ni, Co, Mn, Mg, Cr, Pb, As, Cd, Hg, витамины A, C, E, омега-3, омега-6 жирные кислоты)",28480,,До 5 суток. Указанный срок не включает день взятия биоматериала,https://helix.ru/catalog/item/06-247,2026-08-02T07:17:09.253Z
Helix,Екатеринбург,Все анализы,analysis,06-236,Определение фракции трансферрина (CDT) (диагностика злоупотребления алкоголем),4035,,До 10 суток,https://helix.ru/catalog/item/06-236,2026-08-02T07:17:09.253Z
Helix,Екатеринбург,Все анализы,analysis,06-238,Асимметричный диметиларгинин,4465,,До 5 суток. Указанный срок не включает день взятия биоматериала,https://helix.ru/catalog/item/06-238,2026-08-02T07:17:09.253Z
Helix,Екатеринбург,Все анализы,complex,06-258,Глюкозотолерантный тест (стандартный),790,,До 00:00 следующего дня. Указанный срок не включает день взятия биоматериала,https://helix.ru/catalog/item/06-258,2026-08-02T07:17:09.253Z
Helix,Екатеринбург,Все анализы,complex,06-259,Глюкозотолерантный тест при беременности,810,,До 00:00 следующего дня. Указанный срок не включает день взятия биоматериала,https://helix.ru/catalog/item/06-259,2026-08-02T07:17:09.253Z
Helix,Екатеринбург,Все анализы,complex,06-260,Глюкозотолерантный тест с C-пептидом в крови,1525,,До 00:00 следующего дня. Указанный срок не включает день взятия биоматериала,https://helix.ru/catalog/item/06-260,2026-08-02T07:17:09.253Z
Helix,Екатеринбург,Все анализы,complex,06-248,"Витамины и микроэлементы, влияющие на состояние мужской репродуктивной системы (Se, Zn, Mn, Ni, Cr, Fe, Co, витамины A, C, B9, B12)",13745,,До 5 суток. Указанный срок не включает день взятия биоматериала,https://helix.ru/catalog/item/06-248,2026-08-02T07:17:09.253Z
Helix,Екатеринбург,Все анализы,complex,06-249,"Витамины и микроэлементы, влияющие на состояние сердечно-сосудистой системы (K, Na, Сa, Mg, P, Fe, Zn, Mn, Cu, витамины B1, B5, E, B9, B12)",14010,,До 5 суток. Указанный срок не включает день взятия биоматериала,https://helix.ru/catalog/item/06-249,2026-08-02T07:17:09.253Z
Helix,Екатеринбург,Все анализы,complex,06-250,"Витамины и микроэлементы, участвующие в регуляции функции поджелудочной железы и углеводного обмена (Cr, K, Mn, Mg, Cu, Zn, Ni, витамины A, B6)",11355,,До 5 суток. Указанный срок не включает день взятия биоматериала,https://helix.ru/catalog/item/06-250,2026-08-02T07:17:09.253Z
Helix,Екатеринбург,Все анализы,complex,06-251,"Витамины и микроэлементы, участвующие в регуляции функции щитовидной железы (I, Se, Mg, Cu, витамин B6)",6375,,До 5 суток. Указанный срок не включает день взятия биоматериала,https://helix.ru/catalog/item/06-251,2026-08-02T07:17:09.253Z
Helix,Екатеринбург,Все анализы,complex,06-252,"Витамины и микроэлементы, влияющие на состояние нервной системы (Ca, Mg, Cu, P, витамины E, B1, B5, B6, C)",14280,,До 5 суток. Указанный срок не включает день взятия биоматериала,https://helix.ru/catalog/item/06-252,2026-08-02T07:17:09.253Z
Helix,Екатеринбург,Все анализы,complex,06-253,"Витамины и микроэлементы, участвующие в регуляции выделительной системы (K, Na, Ca, Mg, витамины B6, D)",4695,,До 5 суток. Указанный срок не включает день взятия биоматериала,https://helix.ru/catalog/item/06-253,2026-08-02T07:17:09.253Z
Helix,Екатеринбург,Все анализы,complex,06-254,"Витамины и микроэлементы, влияющие на состояние желудочно-кишечного тракта (K, Mg, Fe, Zn, витамины K, D, B1, B5)",10280,,До 5 суток. Указанный срок не включает день взятия биоматериала,https://helix.ru/catalog/item/06-254,2026-08-02T07:17:09.253Z
Helix,Екатеринбург,Все анализы,complex,06-255,"Витамины и микроэлементы, участвующие в регуляции системы кроветворения (Fe, Ca, Mg, Co, Cu, Zn, Mo, витамины B9, B12, K, B6, B5, D, E, омега-3, омега-6 жирные кислоты)",25820,,До 5 суток. Указанный срок не включает день взятия биоматериала,https://helix.ru/catalog/item/06-255,2026-08-02T07:17:09.253Z
Helix,Екатеринбург,Все анализы,analysis,06-256,Альфа-2-макроглобулин,725,,До 5 суток,https://helix.ru/catalog/item/06-256,2026-08-02T07:17:09.253Z
Helix,Екатеринбург,Все анализы,complex,06-266,Глюкозотолерантный тест с инсулином в крови,1210,,До 2 суток. Указанный срок не включает день взятия биоматериала,https://helix.ru/catalog/item/06-266,2026-08-02T07:17:09.253Z
Helix,Екатеринбург,Все анализы,complex,06-268,Анализ крови на аминокислоты (13 показателей),5490,,До 6 суток. Указанный срок не включает день взятия биоматериала,https://helix.ru/catalog/item/06-268,2026-08-02T07:17:09.253Z
Helix,Екатеринбург,Все анализы,complex,06-264,"Расширенный комплексный анализ крови на метаболиты витамина D (1,25-OH D3, 25-OH D3, 25-OH D2, 24,25-OH D3)",8895,,До 6 суток. Указанный срок не включает день взятия биоматериала,https://helix.ru/catalog/item/06-264,2026-08-02T07:17:09.253Z
Helix,Екатеринбург,Все анализы,complex,06-269,Порфирины (7 показателей) в моче,3350,,До 5 суток. Указанный срок не включает день взятия биоматериала,https://helix.ru/catalog/item/06-269,2026-08-02T07:17:09.253Z
Helix,Екатеринбург,Все анализы,analysis,06-270,Растворимые рецепторы трансферрина,1930,,До 4 суток. Указанный срок не включает день взятия биоматериала,https://helix.ru/catalog/item/06-270,2026-08-02T07:17:09.253Z
Helix,Екатеринбург,Все анализы,complex,06-267,Биохимический анализ кала,2080,,До 13 суток. Указанный срок не включает день взятия биоматериала,https://helix.ru/catalog/item/06-267,2026-08-02T07:17:09.253Z
Helix,Екатеринбург,Все анализы,analysis,06-261,Прокальцитонин,2100,,До 00:00 следующего дня. Указанный срок не включает день взятия биоматериала,https://helix.ru/catalog/item/06-261,2026-08-02T07:17:09.253Z
Helix,Екатеринбург,Все анализы,analysis,06-263,Цистатин C,1190,,До 4 суток,https://helix.ru/catalog/item/06-263,2026-08-02T07:17:09.253Z
Helix,Екатеринбург,Все анализы,analysis,06-265,Йод в плазме,1230,,До 4 суток. Указанный срок не включает день взятия биоматериала,https://helix.ru/catalog/item/06-265,2026-08-02T07:17:09.253Z
Helix,Екатеринбург,Все анализы,analysis,06-272,Йод в моче,1230,,До 4 суток. Указанный срок не включает день взятия биоматериала,https://helix.ru/catalog/item/06-272,2026-08-02T07:17:09.253Z
Helix,Екатеринбург,Все анализы,complex,06-273,Анализ крови на аминокислоты и ацилкарнитины (32 показателя),5785,,До 5 суток. Указанный срок не включает день взятия биоматериала,https://helix.ru/catalog/item/06-273,2026-08-02T07:17:09.253Z
Helix,Екатеринбург,Все анализы,complex,06-274,Анализ крови на аминокислоты и ацилкарнитины (42 показателя),7025,,До 5 суток. Указанный срок не включает день взятия биоматериала,https://helix.ru/catalog/item/06-274,2026-08-02T07:17:09.253Z
Helix,Екатеринбург,Все анализы,analysis,06-277,Витамин B7 (биотин),2995,,До 5 суток. Указанный срок не включает день взятия биоматериала,https://helix.ru/catalog/item/06-277,2026-08-02T07:17:09.253Z
Helix,Екатеринбург,Все анализы,analysis,06-278,Литий в ногтях,1230,,До 4 суток. Указанный срок не включает день взятия биоматериала,https://helix.ru/catalog/item/06-278,2026-08-02T07:17:09.253Z
Helix,Екатеринбург,Все анализы,analysis,06-279,Бор в ногтях,1230,,До 4 суток. Указанный срок не включает день взятия биоматериала,https://helix.ru/catalog/item/06-279,2026-08-02T07:17:09.253Z
Helix,Екатеринбург,Все анализы,analysis,06-280,Алюминий в ногтях,1230,,До 4 суток. Указанный срок не включает день взятия биоматериала,https://helix.ru/catalog/item/06-280,2026-08-02T07:17:09.253Z
Helix,Екатеринбург,Все анализы,analysis,06-285,Бериллий в моче,1230,,До 4 суток. Указанный срок не включает день взятия биоматериала,https://helix.ru/catalog/item/06-285,2026-08-02T07:17:09.253Z
Helix,Екатеринбург,Все анализы,analysis,06-276,Гепсидин-25,8860,,До 10 суток. Указанный срок не включает день взятия биоматериала,https://helix.ru/catalog/item/06-276,2026-08-02T07:17:09.253Z
Helix,Екатеринбург,Все анализы,analysis,06-286,Бериллий в волосах,1230,,До 4 суток. Указанный срок не включает день взятия биоматериала,https://helix.ru/catalog/item/06-286,2026-08-02T07:17:09.253Z
Helix,Екатеринбург,Все анализы,analysis,06-281,Кремний в ногтях,1230,,До 4 суток. Указанный срок не включает день взятия биоматериала,https://helix.ru/catalog/item/06-281,2026-08-02T07:17:09.253Z
Helix,Екатеринбург,Все анализы,analysis,06-282,Фосфор в волосах,1230,,До 4 суток. Указанный срок не включает день взятия биоматериала,https://helix.ru/catalog/item/06-282,2026-08-02T07:17:09.253Z
Helix,Екатеринбург,Все анализы,analysis,06-283,Фосфор в ногтях,1230,,До 4 суток. Указанный срок не включает день взятия биоматериала,https://helix.ru/catalog/item/06-283,2026-08-02T07:17:09.253Z
Helix,Екатеринбург,Все анализы,analysis,06-284,Бериллий в плазме,1230,,До 4 суток. Указанный срок не включает день взятия биоматериала,https://helix.ru/catalog/item/06-284,2026-08-02T07:17:09.253Z
Helix,Екатеринбург,Все анализы,analysis,06-287,Бериллий в ногтях,1230,,До 4 суток. Указанный срок не включает день взятия биоматериала,https://helix.ru/catalog/item/06-287,2026-08-02T07:17:09.253Z
Helix,Екатеринбург,Все анализы,analysis,06-288,Титан в ногтях,1230,,До 4 суток. Указанный срок не включает день взятия биоматериала,https://helix.ru/catalog/item/06-288,2026-08-02T07:17:09.253Z
Helix,Екатеринбург,Все анализы,analysis,06-289,Марганец в ногтях,1230,,До 4 суток. Указанный срок не включает день взятия биоматериала,https://helix.ru/catalog/item/06-289,2026-08-02T07:17:09.253Z
Helix,Екатеринбург,Все анализы,analysis,06-290,Хром в ногтях,1230,,До 4 суток. Указанный срок не включает день взятия биоматериала,https://helix.ru/catalog/item/06-290,2026-08-02T07:17:09.253Z
Helix,Екатеринбург,Все анализы,analysis,06-293,Никель в ногтях,1230,,До 4 суток. Указанный срок не включает день взятия биоматериала,https://helix.ru/catalog/item/06-293,2026-08-02T07:17:09.253Z
Helix,Екатеринбург,Все анализы,analysis,06-294,Медь в ногтях,1230,,До 4 суток. Указанный срок не включает день взятия биоматериала,https://helix.ru/catalog/item/06-294,2026-08-02T07:17:09.253Z
Helix,Екатеринбург,Все анализы,analysis,06-295,Цинк в ногтях,1230,,До 4 суток. Указанный срок не включает день взятия биоматериала,https://helix.ru/catalog/item/06-295,2026-08-02T07:17:09.253Z
Helix,Екатеринбург,Все анализы,analysis,06-296,Мышьяк в ногтях,1230,,До 4 суток. Указанный срок не включает день взятия биоматериала,https://helix.ru/catalog/item/06-296,2026-08-02T07:17:09.253Z
Helix,Екатеринбург,Все анализы,analysis,06-291,Железо в ногтях,1230,,До 4 суток. Указанный срок не включает день взятия биоматериала,https://helix.ru/catalog/item/06-291,2026-08-02T07:17:09.253Z
Helix,Екатеринбург,Все анализы,analysis,06-292,Кобальт в ногтях,1230,,До 4 суток. Указанный срок не включает день взятия биоматериала,https://helix.ru/catalog/item/06-292,2026-08-02T07:17:09.253Z
Helix,Екатеринбург,Все анализы,analysis,06-297,Селен в ногтях,1230,,До 4 суток. Указанный срок не включает день взятия биоматериала,https://helix.ru/catalog/item/06-297,2026-08-02T07:17:09.253Z
Helix,Екатеринбург,Все анализы,analysis,06-299,Сурьма в ногтях,1230,,До 4 суток. Указанный срок не включает день взятия биоматериала,https://helix.ru/catalog/item/06-299,2026-08-02T07:17:09.253Z
Helix,Екатеринбург,Все анализы,analysis,06-298,Кадмий в ногтях,1230,,До 4 суток. Указанный срок не включает день взятия биоматериала,https://helix.ru/catalog/item/06-298,2026-08-02T07:17:09.253Z
Helix,Екатеринбург,Все анализы,analysis,06-311,"Витамин B12, активный (холотранскобаламин)",1480,,До 6 суток. Указанный срок не включает день взятия биоматериала,https://helix.ru/catalog/item/06-311,2026-08-02T07:17:09.253Z
Helix,Екатеринбург,Все анализы,analysis,06-301,Свинец в ногтях,1230,,До 4 суток. Указанный срок не включает день взятия биоматериала,https://helix.ru/catalog/item/06-301,2026-08-02T07:17:09.253Z
Helix,Екатеринбург,Все анализы,analysis,06-300,Ртуть в ногтях,1230,,До 4 суток. Указанный срок не включает день взятия биоматериала,https://helix.ru/catalog/item/06-300,2026-08-02T07:17:09.253Z
Helix,Екатеринбург,Все анализы,analysis,06-302,Натрий в ногтях,1230,,До 4 суток. Указанный срок не включает день взятия биоматериала,https://helix.ru/catalog/item/06-302,2026-08-02T07:17:09.253Z
Helix,Екатеринбург,Все анализы,analysis,06-303,Магний в ногтях,1230,,До 4 суток. Указанный срок не включает день взятия биоматериала,https://helix.ru/catalog/item/06-303,2026-08-02T07:17:09.253Z
Helix,Екатеринбург,Все анализы,analysis,06-304,Калий в ногтях,1230,,До 4 суток. Указанный срок не включает день взятия биоматериала,https://helix.ru/catalog/item/06-304,2026-08-02T07:17:09.253Z
Helix,Екатеринбург,Все анализы,analysis,06-305,Кальций в ногтях,1230,,До 4 суток. Указанный срок не включает день взятия биоматериала,https://helix.ru/catalog/item/06-305,2026-08-02T07:17:09.253Z
Helix,Екатеринбург,Все анализы,analysis,06-306,Молибден в ногтях,1230,,До 4 суток. Указанный срок не включает день взятия биоматериала,https://helix.ru/catalog/item/06-306,2026-08-02T07:17:09.253Z
Helix,Екатеринбург,Все анализы,analysis,06-307,Серебро в плазме,1230,,До 4 суток. Указанный срок не включает день взятия биоматериала,https://helix.ru/catalog/item/06-307,2026-08-02T07:17:09.253Z
Helix,Екатеринбург,Все анализы,analysis,06-308,Серебро в моче,1230,,До 4 суток. Указанный срок не включает день взятия биоматериала,https://helix.ru/catalog/item/06-308,2026-08-02T07:17:09.253Z
Helix,Екатеринбург,Все анализы,analysis,06-309,Серебро в волосах,1230,,До 4 суток. Указанный срок не включает день взятия биоматериала,https://helix.ru/catalog/item/06-309,2026-08-02T07:17:09.253Z
Helix,Екатеринбург,Все анализы,analysis,06-310,Серебро в ногтях,1230,,До 4 суток. Указанный срок не включает день взятия биоматериала,https://helix.ru/catalog/item/06-310,2026-08-02T07:17:09.253Z
Helix,Екатеринбург,Все анализы,analysis,06-313,Витамин B2 (ФАД),1755,,До 6 суток. Указанный срок не включает день взятия биоматериала,https://helix.ru/catalog/item/06-313,2026-08-02T07:17:09.253Z
Helix,Екатеринбург,Все анализы,analysis,06-312,"Витамин D, 25-гидрокси (кальциферол), ВЭЖХ-МС/МС",3750,,До 5 суток. Указанный срок не включает день взятия биоматериала,https://helix.ru/catalog/item/06-312,2026-08-02T07:17:09.253Z
Helix,Екатеринбург,Все анализы,analysis,06-314,Галлий в плазме,1230,,До 4 суток. Указанный срок не включает день взятия биоматериала,https://helix.ru/catalog/item/06-314,2026-08-02T07:17:09.253Z
Helix,Екатеринбург,Все анализы,analysis,06-315,Галлий в моче,1230,,До 4 суток. Указанный срок не включает день взятия биоматериала,https://helix.ru/catalog/item/06-315,2026-08-02T07:17:09.253Z
Helix,Екатеринбург,Все анализы,analysis,06-316,Галлий в волосах,1230,,До 4 суток. Указанный срок не включает день взятия биоматериала,https://helix.ru/catalog/item/06-316,2026-08-02T07:17:09.253Z
Helix,Екатеринбург,Все анализы,analysis,06-317,Галлий в ногтях,1230,,До 4 суток. Указанный срок не включает день взятия биоматериала,https://helix.ru/catalog/item/06-317,2026-08-02T07:17:09.253Z
Helix,Екатеринбург,Все анализы,analysis,06-318,Германий в плазме,1230,,До 4 суток. Указанный срок не включает день взятия биоматериала,https://helix.ru/catalog/item/06-318,2026-08-02T07:17:09.253Z
Helix,Екатеринбург,Все анализы,analysis,06-319,Германий в моче,1230,,До 4 суток. Указанный срок не включает день взятия биоматериала,https://helix.ru/catalog/item/06-319,2026-08-02T07:17:09.253Z
Helix,Екатеринбург,Все анализы,analysis,06-320,Германий в волосах,1230,,До 4 суток. Указанный срок не включает день взятия биоматериала,https://helix.ru/catalog/item/06-320,2026-08-02T07:17:09.253Z
Helix,Екатеринбург,Все анализы,analysis,06-321,Германий в ногтях,1230,,До 4 суток. Указанный срок не включает день взятия биоматериала,https://helix.ru/catalog/item/06-321,2026-08-02T07:17:09.253Z
Helix,Екатеринбург,Все анализы,analysis,06-322,Рубидий в плазме,1230,,До 4 суток. Указанный срок не включает день взятия биоматериала,https://helix.ru/catalog/item/06-322,2026-08-02T07:17:09.253Z
Helix,Екатеринбург,Все анализы,analysis,06-323,Рубидий в моче,1230,,До 4 суток. Указанный срок не включает день взятия биоматериала,https://helix.ru/catalog/item/06-323,2026-08-02T07:17:09.253Z
Helix,Екатеринбург,Все анализы,analysis,06-324,Рубидий в волосах,1230,,До 4 суток. Указанный срок не включает день взятия биоматериала,https://helix.ru/catalog/item/06-324,2026-08-02T07:17:09.253Z
Helix,Екатеринбург,Все анализы,analysis,06-325,Рубидий в ногтях,1230,,До 4 суток. Указанный срок не включает день взятия биоматериала,https://helix.ru/catalog/item/06-325,2026-08-02T07:17:09.253Z
Helix,Екатеринбург,Все анализы,analysis,06-326,Стронций в плазме,1230,,До 4 суток. Указанный срок не включает день взятия биоматериала,https://helix.ru/catalog/item/06-326,2026-08-02T07:17:09.253Z
Helix,Екатеринбург,Все анализы,analysis,06-327,Стронций в моче,1230,,До 4 суток. Указанный срок не включает день взятия биоматериала,https://helix.ru/catalog/item/06-327,2026-08-02T07:17:09.253Z
Helix,Екатеринбург,Все анализы,analysis,06-328,Стронций в волосах,1230,,До 4 суток. Указанный срок не включает день взятия биоматериала,https://helix.ru/catalog/item/06-328,2026-08-02T07:17:09.253Z
Helix,Екатеринбург,Все анализы,analysis,06-329,Стронций в ногтях,1230,,До 4 суток. Указанный срок не включает день взятия биоматериала,https://helix.ru/catalog/item/06-329,2026-08-02T07:17:09.253Z
Helix,Екатеринбург,Все анализы,analysis,06-330,Цирконий в плазме,1230,,До 4 суток. Указанный срок не включает день взятия биоматериала,https://helix.ru/catalog/item/06-330,2026-08-02T07:17:09.253Z
Helix,Екатеринбург,Все анализы,analysis,06-331,Цирконий в моче,1230,,До 4 суток. Указанный срок не включает день взятия биоматериала,https://helix.ru/catalog/item/06-331,2026-08-02T07:17:09.253Z
Helix,Екатеринбург,Все анализы,analysis,06-332,Цирконий в волосах,1230,,До 4 суток. Указанный срок не включает день взятия биоматериала,https://helix.ru/catalog/item/06-332,2026-08-02T07:17:09.253Z
Helix,Екатеринбург,Все анализы,analysis,06-333,Цирконий в ногтях,1230,,До 4 суток. Указанный срок не включает день взятия биоматериала,https://helix.ru/catalog/item/06-333,2026-08-02T07:17:09.253Z
Helix,Екатеринбург,Все анализы,analysis,06-334,Сера в плазме,1230,,До 4 суток. Указанный срок не включает день взятия биоматериала,https://helix.ru/catalog/item/06-334,2026-08-02T07:17:09.253Z
Helix,Екатеринбург,Все анализы,analysis,06-335,Сера в моче,1230,,До 4 суток. Указанный срок не включает день взятия биоматериала,https://helix.ru/catalog/item/06-335,2026-08-02T07:17:09.253Z
Helix,Екатеринбург,Все анализы,analysis,06-336,Сера в волосах,1230,,До 4 суток. Указанный срок не включает день взятия биоматериала,https://helix.ru/catalog/item/06-336,2026-08-02T07:17:09.253Z
Helix,Екатеринбург,Все анализы,analysis,06-337,Сера в ногтях,1230,,До 4 суток. Указанный срок не включает день взятия биоматериала,https://helix.ru/catalog/item/06-337,2026-08-02T07:17:09.253Z
Helix,Екатеринбург,Все анализы,analysis,06-338,Ниобий в плазме,1230,,До 4 суток. Указанный срок не включает день взятия биоматериала,https://helix.ru/catalog/item/06-338,2026-08-02T07:17:09.253Z
Helix,Екатеринбург,Все анализы,analysis,06-339,Ниобий в моче,1230,,До 4 суток. Указанный срок не включает день взятия биоматериала,https://helix.ru/catalog/item/06-339,2026-08-02T07:17:09.253Z
Helix,Екатеринбург,Все анализы,analysis,06-340,Ниобий в волосах,1230,,До 4 суток. Указанный срок не включает день взятия биоматериала,https://helix.ru/catalog/item/06-340,2026-08-02T07:17:09.253Z
Helix,Екатеринбург,Все анализы,analysis,06-341,Ниобий в ногтях,1230,,До 4 суток. Указанный срок не включает день взятия биоматериала,https://helix.ru/catalog/item/06-341,2026-08-02T07:17:09.253Z
Helix,Екатеринбург,Все анализы,analysis,06-342,Олово в плазме,1230,,До 4 суток. Указанный срок не включает день взятия биоматериала,https://helix.ru/catalog/item/06-342,2026-08-02T07:17:09.253Z
Helix,Екатеринбург,Все анализы,analysis,06-343,Олово в моче,1230,,До 4 суток. Указанный срок не включает день взятия биоматериала,https://helix.ru/catalog/item/06-343,2026-08-02T07:17:09.253Z
Helix,Екатеринбург,Все анализы,analysis,06-344,Олово в волосах,1230,,До 4 суток. Указанный срок не включает день взятия биоматериала,https://helix.ru/catalog/item/06-344,2026-08-02T07:17:09.253Z
Helix,Екатеринбург,Все анализы,analysis,06-345,Олово в ногтях,1230,,До 4 суток. Указанный срок не включает день взятия биоматериала,https://helix.ru/catalog/item/06-345,2026-08-02T07:17:09.253Z
Helix,Екатеринбург,Все анализы,analysis,06-346,Теллур в плазме,1230,,До 4 суток. Указанный срок не включает день взятия биоматериала,https://helix.ru/catalog/item/06-346,2026-08-02T07:17:09.253Z
Helix,Екатеринбург,Все анализы,analysis,06-347,Теллур в моче,1230,,До 4 суток. Указанный срок не включает день взятия биоматериала,https://helix.ru/catalog/item/06-347,2026-08-02T07:17:09.253Z
Helix,Екатеринбург,Все анализы,complex,06-355,Анализ крови на ацилкарнитины (взрослые),3350,,До 6 суток. Указанный срок не включает день взятия биоматериала,https://helix.ru/catalog/item/06-355,2026-08-02T07:17:09.253Z
Helix,Екатеринбург,Все анализы,complex,06-354,Расширенный анализ мочи на органические кислоты для детей до 3 лет (43 показателя),6825,,До 7 суток. Указанный срок не включает день взятия биоматериала,https://helix.ru/catalog/item/06-354,2026-08-02T07:17:09.253Z
Helix,Екатеринбург,Все анализы,analysis,06-348,Теллур в волосах,1230,,До 4 суток. Указанный срок не включает день взятия биоматериала,https://helix.ru/catalog/item/06-348,2026-08-02T07:17:09.253Z
Helix,Екатеринбург,Все анализы,analysis,06-349,Теллур в ногтях,1230,,До 4 суток. Указанный срок не включает день взятия биоматериала,https://helix.ru/catalog/item/06-349,2026-08-02T07:17:09.253Z
Helix,Екатеринбург,Все анализы,analysis,06-350,Цезий в плазме,1230,,До 4 суток. Указанный срок не включает день взятия биоматериала,https://helix.ru/catalog/item/06-350,2026-08-02T07:17:09.253Z
Helix,Екатеринбург,Все анализы,analysis,06-351,Цезий в моче,1230,,До 4 суток. Указанный срок не включает день взятия биоматериала,https://helix.ru/catalog/item/06-351,2026-08-02T07:17:09.253Z
Helix,Екатеринбург,Все анализы,analysis,06-352,Цезий в волосах,1230,,До 4 суток. Указанный срок не включает день взятия биоматериала,https://helix.ru/catalog/item/06-352,2026-08-02T07:17:09.253Z
Helix,Екатеринбург,Все анализы,analysis,06-353,Цезий в ногтях,1230,,До 4 суток. Указанный срок не включает день взятия биоматериала,https://helix.ru/catalog/item/06-353,2026-08-02T07:17:09.253Z
Helix,Екатеринбург,Все анализы,analysis,06-360,Гистамин в моче,2310,,До 5 суток. Указанный срок не включает день взятия биоматериала,https://helix.ru/catalog/item/06-360,2026-08-02T07:17:09.253Z
Helix,Екатеринбург,Все анализы,analysis,06-359,ПОЛ (перекисное окисление липидов),2660,,До 5 суток. Указанный срок не включает день взятия биоматериала,https://helix.ru/catalog/item/06-359,2026-08-02T07:17:09.253Z
Helix,Екатеринбург,Все анализы,complex,06-358,"Комплексный анализ крови на насыщенные, мононенасыщенные жирные кислоты семейства омега-3, омега-6, омега-9",11840,,До 4 суток. Указанный срок не включает день взятия биоматериала,https://helix.ru/catalog/item/06-358,2026-08-02T07:17:09.253Z
Helix,Екатеринбург,Все анализы,complex,06-357,Комплексный анализ крови на ненасыщенные жирные кислоты семейства омега-9,4290,,До 4 суток. Указанный срок не включает день взятия биоматериала,https://helix.ru/catalog/item/06-357,2026-08-02T07:17:09.253Z
Helix,Екатеринбург,Все анализы,analysis,06-361,Барий в плазме,1230,,До 4 суток. Указанный срок не включает день взятия биоматериала,https://helix.ru/catalog/item/06-361,2026-08-02T07:17:09.253Z
Helix,Екатеринбург,Все анализы,analysis,06-362,Барий в моче,1230,,До 4 суток. Указанный срок не включает день взятия биоматериала,https://helix.ru/catalog/item/06-362,2026-08-02T07:17:09.253Z
Helix,Екатеринбург,Все анализы,analysis,06-364,Барий в ногтях,1230,,До 4 суток. Указанный срок не включает день взятия биоматериала,https://helix.ru/catalog/item/06-364,2026-08-02T07:17:09.253Z
Helix,Екатеринбург,Все анализы,analysis,06-363,Барий в волосах,1230,,До 4 суток. Указанный срок не включает день взятия биоматериала,https://helix.ru/catalog/item/06-363,2026-08-02T07:17:09.253Z
Helix,Екатеринбург,Все анализы,analysis,06-365,Празеодим в плазме,1230,,До 4 суток. Указанный срок не включает день взятия биоматериала,https://helix.ru/catalog/item/06-365,2026-08-02T07:17:09.253Z
Helix,Екатеринбург,Все анализы,analysis,06-366,Празеодим в моче,1230,,До 4 суток. Указанный срок не включает день взятия биоматериала,https://helix.ru/catalog/item/06-366,2026-08-02T07:17:09.253Z
Helix,Екатеринбург,Все анализы,analysis,06-368,Празеодим в ногтях,1230,,До 4 суток. Указанный срок не включает день взятия биоматериала,https://helix.ru/catalog/item/06-368,2026-08-02T07:17:09.253Z
Helix,Екатеринбург,Все анализы,analysis,06-367,Празеодим в волосах,1230,,До 4 суток. Указанный срок не включает день взятия биоматериала,https://helix.ru/catalog/item/06-367,2026-08-02T07:17:09.253Z
Helix,Екатеринбург,Все анализы,analysis,06-369,Самарий в плазме,1230,,До 4 суток. Указанный срок не включает день взятия биоматериала,https://helix.ru/catalog/item/06-369,2026-08-02T07:17:09.253Z
Helix,Екатеринбург,Все анализы,analysis,06-370,Самарий в моче,1230,,До 4 суток. Указанный срок не включает день взятия биоматериала,https://helix.ru/catalog/item/06-370,2026-08-02T07:17:09.253Z
Helix,Екатеринбург,Все анализы,analysis,06-371,Самарий в волосах,1230,,До 4 суток. Указанный срок не включает день взятия биоматериала,https://helix.ru/catalog/item/06-371,2026-08-02T07:17:09.253Z
Helix,Екатеринбург,Все анализы,analysis,06-372,Самарий в ногтях,1230,,До 4 суток. Указанный срок не включает день взятия биоматериала,https://helix.ru/catalog/item/06-372,2026-08-02T07:17:09.253Z
Helix,Екатеринбург,Все анализы,analysis,06-374,Лантан в моче,1230,,До 4 суток. Указанный срок не включает день взятия биоматериала,https://helix.ru/catalog/item/06-374,2026-08-02T07:17:09.253Z
Helix,Екатеринбург,Все анализы,analysis,06-373,Лантан в плазме,1230,,До 4 суток. Указанный срок не включает день взятия биоматериала,https://helix.ru/catalog/item/06-373,2026-08-02T07:17:09.253Z
Helix,Екатеринбург,Все анализы,analysis,06-375,Лантан в волосах,1230,,До 4 суток. Указанный срок не включает день взятия биоматериала,https://helix.ru/catalog/item/06-375,2026-08-02T07:17:09.253Z
Helix,Екатеринбург,Все анализы,analysis,06-376,Лантан в ногтях,1230,,До 4 суток. Указанный срок не включает день взятия биоматериала,https://helix.ru/catalog/item/06-376,2026-08-02T07:17:09.253Z
Helix,Екатеринбург,Все анализы,analysis,06-377,Вольфрам в плазме,1230,,До 4 суток. Указанный срок не включает день взятия биоматериала,https://helix.ru/catalog/item/06-377,2026-08-02T07:17:09.253Z
Helix,Екатеринбург,Все анализы,analysis,06-378,Вольфрам в моче,1230,,До 4 суток. Указанный срок не включает день взятия биоматериала,https://helix.ru/catalog/item/06-378,2026-08-02T07:17:09.253Z
Helix,Екатеринбург,Все анализы,analysis,06-379,Вольфрам в волосах,1230,,До 4 суток. Указанный срок не включает день взятия биоматериала,https://helix.ru/catalog/item/06-379,2026-08-02T07:17:09.253Z
Helix,Екатеринбург,Все анализы,analysis,06-380,Вольфрам в ногтях,1230,,До 4 суток. Указанный срок не включает день взятия биоматериала,https://helix.ru/catalog/item/06-380,2026-08-02T07:17:09.253Z
Helix,Екатеринбург,Все анализы,analysis,06-381,Уран в плазме,1230,,До 4 суток. Указанный срок не включает день взятия биоматериала,https://helix.ru/catalog/item/06-381,2026-08-02T07:17:09.253Z
Helix,Екатеринбург,Все анализы,analysis,06-382,Уран в моче,1230,,До 4 суток. Указанный срок не включает день взятия биоматериала,https://helix.ru/catalog/item/06-382,2026-08-02T07:17:09.253Z
Helix,Екатеринбург,Все анализы,analysis,06-383,Уран в волосах,1230,,До 4 суток. Указанный срок не включает день взятия биоматериала,https://helix.ru/catalog/item/06-383,2026-08-02T07:17:09.253Z
Helix,Екатеринбург,Все анализы,analysis,06-384,Уран в ногтях,1230,,До 4 суток. Указанный срок не включает день взятия биоматериала,https://helix.ru/catalog/item/06-384,2026-08-02T07:17:09.253Z
Helix,Екатеринбург,Все анализы,complex,06-389,Анализ крови на аминокислоты и ацилкарнитины для детей до 2 лет (26 показателей),4845,,До 6 суток. Указанный срок не включает день взятия биоматериала,https://helix.ru/catalog/item/06-389,2026-08-02T07:17:09.253Z
Helix,Екатеринбург,Все анализы,analysis,06-390,Гуанозины в моче,3840,,До 10 суток. Указанный срок не включает день взятия биоматериала,https://helix.ru/catalog/item/06-390,2026-08-02T07:17:09.253Z
Helix,Екатеринбург,Все анализы,analysis,06-385,Золото в плазме,1230,,До 4 суток. Указанный срок не включает день взятия биоматериала,https://helix.ru/catalog/item/06-385,2026-08-02T07:17:09.253Z
Helix,Екатеринбург,Все анализы,analysis,06-386,Золото в моче,1230,,До 4 суток. Указанный срок не включает день взятия биоматериала,https://helix.ru/catalog/item/06-386,2026-08-02T07:17:09.253Z
Helix,Екатеринбург,Все анализы,analysis,06-387,Золото в волосах,1230,,До 4 суток. Указанный срок не включает день взятия биоматериала,https://helix.ru/catalog/item/06-387,2026-08-02T07:17:09.253Z
Helix,Екатеринбург,Все анализы,analysis,06-388,Золото в ногтях,1230,,До 4 суток. Указанный срок не включает день взятия биоматериала,https://helix.ru/catalog/item/06-388,2026-08-02T07:17:09.253Z
Helix,Екатеринбург,Все анализы,analysis,06-391,Таллий в плазме,1230,,До 4 суток. Указанный срок не включает день взятия биоматериала,https://helix.ru/catalog/item/06-391,2026-08-02T07:17:09.253Z
Helix,Екатеринбург,Все анализы,analysis,06-392,Таллий в моче,1230,,До 4 суток. Указанный срок не включает день взятия биоматериала,https://helix.ru/catalog/item/06-392,2026-08-02T07:17:09.253Z
Helix,Екатеринбург,Все анализы,analysis,06-393,Таллий в волосах,1230,,До 4 суток. Указанный срок не включает день взятия биоматериала,https://helix.ru/catalog/item/06-393,2026-08-02T07:17:09.253Z
Helix,Екатеринбург,Все анализы,analysis,06-394,Таллий в ногтях,1230,,До 4 суток. Указанный срок не включает день взятия биоматериала,https://helix.ru/catalog/item/06-394,2026-08-02T07:17:09.253Z
Helix,Екатеринбург,Все анализы,analysis,06-395,Ванадий в плазме,1230,,До 4 суток. Указанный срок не включает день взятия биоматериала,https://helix.ru/catalog/item/06-395,2026-08-02T07:17:09.253Z
Helix,Екатеринбург,Все анализы,analysis,06-396,Ванадий в моче,1230,,До 4 суток. Указанный срок не включает день взятия биоматериала,https://helix.ru/catalog/item/06-396,2026-08-02T07:17:09.253Z
Helix,Екатеринбург,Все анализы,analysis,06-397,Ванадий в волосах,1230,,До 4 суток. Указанный срок не включает день взятия биоматериала,https://helix.ru/catalog/item/06-397,2026-08-02T07:17:09.253Z
Helix,Екатеринбург,Все анализы,analysis,06-398,Ванадий в ногтях,1230,,До 4 суток. Указанный срок не включает день взятия биоматериала,https://helix.ru/catalog/item/06-398,2026-08-02T07:17:09.253Z
Helix,Екатеринбург,Все анализы,analysis,06-399,Гафний в плазме,1230,,До 4 суток. Указанный срок не включает день взятия биоматериала,https://helix.ru/catalog/item/06-399,2026-08-02T07:17:09.253Z
Helix,Екатеринбург,Все анализы,analysis,06-400,Гафний в моче,1230,,До 4 суток. Указанный срок не включает день взятия биоматериала,https://helix.ru/catalog/item/06-400,2026-08-02T07:17:09.253Z
Helix,Екатеринбург,Все анализы,analysis,06-401,Гафний в волосах,1230,,До 4 суток. Указанный срок не включает день взятия биоматериала,https://helix.ru/catalog/item/06-401,2026-08-02T07:17:09.253Z
Helix,Екатеринбург,Все анализы,analysis,06-402,Гафний в ногтях,1230,,До 4 суток. Указанный срок не включает день взятия биоматериала,https://helix.ru/catalog/item/06-402,2026-08-02T07:17:09.253Z
Helix,Екатеринбург,Все анализы,analysis,06-404,Европий в моче,1230,,До 4 суток. Указанный срок не включает день взятия биоматериала,https://helix.ru/catalog/item/06-404,2026-08-02T07:17:09.253Z
Helix,Екатеринбург,Все анализы,analysis,06-403,Европий в плазме,1230,,До 4 суток. Указанный срок не включает день взятия биоматериала,https://helix.ru/catalog/item/06-403,2026-08-02T07:17:09.253Z
Helix,Екатеринбург,Все анализы,analysis,06-405,Европий в волосах,1230,,До 4 суток. Указанный срок не включает день взятия биоматериала,https://helix.ru/catalog/item/06-405,2026-08-02T07:17:09.253Z
Helix,Екатеринбург,Все анализы,analysis,06-406,Европий в ногтях,1230,,До 4 суток. Указанный срок не включает день взятия биоматериала,https://helix.ru/catalog/item/06-406,2026-08-02T07:17:09.253Z
Helix,Екатеринбург,Все анализы,analysis,06-407,Платина в плазме,1230,,До 4 суток. Указанный срок не включает день взятия биоматериала,https://helix.ru/catalog/item/06-407,2026-08-02T07:17:09.253Z
Helix,Екатеринбург,Все анализы,analysis,06-408,Платина в моче,1230,,До 4 суток. Указанный срок не включает день взятия биоматериала,https://helix.ru/catalog/item/06-408,2026-08-02T07:17:09.253Z
Helix,Екатеринбург,Все анализы,analysis,06-409,Платина в волосах,1230,,До 4 суток. Указанный срок не включает день взятия биоматериала,https://helix.ru/catalog/item/06-409,2026-08-02T07:17:09.253Z
Helix,Екатеринбург,Все анализы,analysis,06-410,Платина в ногтях,1230,,До 4 суток. Указанный срок не включает день взятия биоматериала,https://helix.ru/catalog/item/06-410,2026-08-02T07:17:09.253Z
Helix,Екатеринбург,Все анализы,analysis,06-411,Иттербий в плазме,1230,,До 4 суток. Указанный срок не включает день взятия биоматериала,https://helix.ru/catalog/item/06-411,2026-08-02T07:17:09.253Z
Helix,Екатеринбург,Все анализы,analysis,06-412,Иттербий в моче,1230,,До 4 суток. Указанный срок не включает день взятия биоматериала,https://helix.ru/catalog/item/06-412,2026-08-02T07:17:09.253Z
Helix,Екатеринбург,Все анализы,analysis,06-413,Иттербий в волосах,1230,,До 4 суток. Указанный срок не включает день взятия биоматериала,https://helix.ru/catalog/item/06-413,2026-08-02T07:17:09.253Z
Helix,Екатеринбург,Все анализы,analysis,06-414,Иттербий в ногтях,1230,,До 4 суток. Указанный срок не включает день взятия биоматериала,https://helix.ru/catalog/item/06-414,2026-08-02T07:17:09.253Z
Helix,Екатеринбург,Все анализы,analysis,06-415,Хлор в волосах,1230,,До 4 суток. Указанный срок не включает день взятия биоматериала,https://helix.ru/catalog/item/06-415,2026-08-02T07:17:09.253Z
Helix,Екатеринбург,Все анализы,analysis,06-416,Хлор в ногтях,1230,,До 4 суток. Указанный срок не включает день взятия биоматериала,https://helix.ru/catalog/item/06-416,2026-08-02T07:17:09.253Z
Helix,Екатеринбург,Все анализы,analysis,06-417,Торий в плазме,1230,,До 4 суток. Указанный срок не включает день взятия биоматериала,https://helix.ru/catalog/item/06-417,2026-08-02T07:17:09.253Z
Helix,Екатеринбург,Все анализы,analysis,06-418,Торий в моче,1230,,До 4 суток. Указанный срок не включает день взятия биоматериала,https://helix.ru/catalog/item/06-418,2026-08-02T07:17:09.253Z
Helix,Екатеринбург,Все анализы,analysis,06-419,Торий в волосах,1230,,До 4 суток. Указанный срок не включает день взятия биоматериала,https://helix.ru/catalog/item/06-419,2026-08-02T07:17:09.253Z
Helix,Екатеринбург,Все анализы,analysis,06-420,Торий в ногтях,1230,,До 4 суток. Указанный срок не включает день взятия биоматериала,https://helix.ru/catalog/item/06-420,2026-08-02T07:17:09.253Z
Helix,Екатеринбург,Все анализы,analysis,06-421,Тантал в плазме,1230,,До 4 суток. Указанный срок не включает день взятия биоматериала,https://helix.ru/catalog/item/06-421,2026-08-02T07:17:09.253Z
Helix,Екатеринбург,Все анализы,analysis,06-422,Тантал в моче,1230,,До 4 суток. Указанный срок не включает день взятия биоматериала,https://helix.ru/catalog/item/06-422,2026-08-02T07:17:09.253Z
Helix,Екатеринбург,Все анализы,analysis,06-423,Тантал в волосах,1230,,До 4 суток. Указанный срок не включает день взятия биоматериала,https://helix.ru/catalog/item/06-423,2026-08-02T07:17:09.253Z
Helix,Екатеринбург,Все анализы,analysis,06-424,Тантал в ногтях,1230,,До 4 суток. Указанный срок не включает день взятия биоматериала,https://helix.ru/catalog/item/06-424,2026-08-02T07:17:09.253Z
Helix,Екатеринбург,Все анализы,analysis,06-425,Рений в плазме,1230,,До 4 суток. Указанный срок не включает день взятия биоматериала,https://helix.ru/catalog/item/06-425,2026-08-02T07:17:09.253Z
Helix,Екатеринбург,Все анализы,analysis,06-426,Рений в моче,1230,,До 4 суток. Указанный срок не включает день взятия биоматериала,https://helix.ru/catalog/item/06-426,2026-08-02T07:17:09.253Z
Helix,Екатеринбург,Все анализы,analysis,06-427,Рений в волосах,1230,,До 4 суток. Указанный срок не включает день взятия биоматериала,https://helix.ru/catalog/item/06-427,2026-08-02T07:17:09.253Z
Helix,Екатеринбург,Все анализы,analysis,06-428,Рений в ногтях,1230,,До 4 суток. Указанный срок не включает день взятия биоматериала,https://helix.ru/catalog/item/06-428,2026-08-02T07:17:09.253Z
Helix,Екатеринбург,Все анализы,analysis,06-429,Лютеций в плазме,1230,,До 4 суток. Указанный срок не включает день взятия биоматериала,https://helix.ru/catalog/item/06-429,2026-08-02T07:17:09.253Z
Helix,Екатеринбург,Все анализы,analysis,06-430,Лютеций в моче,1230,,До 4 суток. Указанный срок не включает день взятия биоматериала,https://helix.ru/catalog/item/06-430,2026-08-02T07:17:09.253Z
Helix,Екатеринбург,Все анализы,analysis,06-431,Лютеций в волосах,1230,,До 4 суток. Указанный срок не включает день взятия биоматериала,https://helix.ru/catalog/item/06-431,2026-08-02T07:17:09.253Z
Helix,Екатеринбург,Все анализы,analysis,06-432,Лютеций в ногтях,1230,,До 4 суток. Указанный срок не включает день взятия биоматериала,https://helix.ru/catalog/item/06-432,2026-08-02T07:17:09.253Z
Helix,Екатеринбург,Все анализы,complex,06-439,"Триметиламин, триметиламин-N-оксид, соотношение ТМА/ТМАО в моче",5555,,До 10 суток. Указанный срок не включает день взятия биоматериала,https://helix.ru/catalog/item/06-439,2026-08-02T07:17:09.253Z
Helix,Екатеринбург,Все анализы,complex,06-438,"Триметиламин, триметиламин-N-оксид, соотношение ТМА/ТМАО в крови",6595,,До 10 суток. Указанный срок не включает день взятия биоматериала,https://helix.ru/catalog/item/06-438,2026-08-02T07:17:09.253Z
Helix,Екатеринбург,Все анализы,analysis,06-445,Развернутая оценка мембранного и мобильного (липопротеидного и свободножирнокислотного) пулов жирных кислот (ЖК) в цельной крови,18820,,До 6 суток. Указанный срок не включает день взятия биоматериала,https://helix.ru/catalog/item/06-445,2026-08-02T07:17:09.253Z
Helix,Екатеринбург,Все анализы,complex,06-440,Короткоцепочечные жирные кислоты (КЦЖК) в моче (10 показателей),9585,,До 6 суток,https://helix.ru/catalog/item/06-440,2026-08-02T07:17:09.253Z
Helix,Екатеринбург,Все анализы,analysis,06-433,Висмут в плазме,1230,,До 4 суток. Указанный срок не включает день взятия биоматериала,https://helix.ru/catalog/item/06-433,2026-08-02T07:17:09.253Z
Helix,Екатеринбург,Все анализы,analysis,06-434,Висмут в моче,1230,,До 4 суток. Указанный срок не включает день взятия биоматериала,https://helix.ru/catalog/item/06-434,2026-08-02T07:17:09.253Z
Helix,Екатеринбург,Все анализы,analysis,06-435,Висмут в волосах,1230,,До 4 суток. Указанный срок не включает день взятия биоматериала,https://helix.ru/catalog/item/06-435,2026-08-02T07:17:09.253Z
Helix,Екатеринбург,Все анализы,analysis,06-436,Висмут в ногтях,1230,,До 4 суток. Указанный срок не включает день взятия биоматериала,https://helix.ru/catalog/item/06-436,2026-08-02T07:17:09.253Z
Helix,Екатеринбург,Все анализы,complex,06-437,Анализ крови на аминокислоты (48 показателей),9025,,До 5 суток. Указанный срок не включает день взятия биоматериала,https://helix.ru/catalog/item/06-437,2026-08-02T07:17:09.253Z
Helix,Екатеринбург,Все анализы,analysis,06-441,Витамин К2,2280,,До 5 суток. Указанный срок не включает день взятия биоматериала,https://helix.ru/catalog/item/06-441,2026-08-02T07:17:09.253Z
Helix,Екатеринбург,Все анализы,analysis,06-442,Копропорфирины в моче,1600,,До 5 суток. Указанный срок не включает день взятия биоматериала,https://helix.ru/catalog/item/06-442,2026-08-02T07:17:09.253Z
Helix,Екатеринбург,Все анализы,analysis,06-444,Окисленные липопротеины низкой плотности (ОкЛНП),4020,,До 7 суток. Указанный срок не включает день взятия биоматериала,https://helix.ru/catalog/item/06-444,2026-08-02T07:17:09.253Z
Helix,Екатеринбург,Все анализы,analysis,07-009,"Антитела к вирусу гепатита C (anti-HCV), суммарные",605,,До 2 суток. Указанный срок не включает день взятия биоматериала,https://helix.ru/catalog/item/07-009,2026-08-02T07:17:09.253Z
Helix,Екатеринбург,Все анализы,analysis,07-011,"Антитела к плесневым грибам (Aspergillus fumigatus, IgG)",665,,До 10 суток. Указанный срок не включает день взятия биоматериала,https://helix.ru/catalog/item/07-011,2026-08-02T07:17:09.253Z
Helix,Екатеринбург,Все анализы,analysis,07-012,"Антитела к дрожжеподобным грибам (Candida albicans, IgG)",760,,До 8 суток. Указанный срок не включает день взятия биоматериала,https://helix.ru/catalog/item/07-012,2026-08-02T07:17:09.253Z
Helix,Екатеринбург,Все анализы,analysis,07-015,"Антитела к хламидии трахоматис (Chlamydia trachomatis, IgM)",600,,До 6 суток. Указанный срок не включает день взятия биоматериала,https://helix.ru/catalog/item/07-015,2026-08-02T07:17:09.253Z
Helix,Екатеринбург,Все анализы,analysis,07-007,"Антитела к поверхностному антигену вируса гепатита B (anti-HBs), суммарные",620,,До 00:00 следующего дня. Указанный срок не включает день взятия биоматериала,https://helix.ru/catalog/item/07-007,2026-08-02T07:17:09.253Z
Helix,Екатеринбург,Все анализы,analysis,07-010,Антитела к структурным и неструктурным белкам вируса гепатита С,1485,,До 4 суток. Указанный срок не включает день взятия биоматериала,https://helix.ru/catalog/item/07-010,2026-08-02T07:17:09.253Z
Helix,Екатеринбург,Все анализы,analysis,07-014,"Антитела к хламидии трахоматис (Chlamydia trachomatis, IgG)",590,,До 6 суток. Указанный срок не включает день взятия биоматериала,https://helix.ru/catalog/item/07-014,2026-08-02T07:17:09.253Z
Helix,Екатеринбург,Все анализы,analysis,07-013,"Антитела к хламидии трахоматис (Chlamydia trachomatis, IgA)",625,,До 6 суток. Указанный срок не включает день взятия биоматериала,https://helix.ru/catalog/item/07-013,2026-08-02T07:17:09.253Z
Helix,Екатеринбург,Все анализы,analysis,06-446,Развернутая оценка мобильного (липопротеидного и свободножирнокислотного) пула жирных кислот (ЖК) в сыворотке,20700,,До 6 суток. Указанный срок не включает день взятия биоматериала,https://helix.ru/catalog/item/06-446,2026-08-02T07:17:09.253Z
Helix,Екатеринбург,Все анализы,analysis,07-002,"Антитела к вирусу гепатита A (anti-HAV, IgM)",955,,До 00:00 следующего дня. Указанный срок не включает день взятия биоматериала,https://helix.ru/catalog/item/07-002,2026-08-02T07:17:09.253Z
Helix,Екатеринбург,Все анализы,analysis,07-004,"Антитела к ядерному антигену вируса гепатита B (anti-HBc, IgM)",655,,До 8 суток. Указанный срок не включает день взятия биоматериала,https://helix.ru/catalog/item/07-004,2026-08-02T07:17:09.253Z
Helix,Екатеринбург,Все анализы,analysis,07-005,"Антитела к ядерному антигену вируса гепатита B (anti-HBc), суммарные",625,,До 4 суток. Указанный срок не включает день взятия биоматериала,https://helix.ru/catalog/item/07-005,2026-08-02T07:17:09.253Z
Helix,Екатеринбург,Все анализы,analysis,07-024,Е-антиген вируса гепатита B (HBeAg),1315,,До 4 суток. Указанный срок не включает день взятия биоматериала,https://helix.ru/catalog/item/07-024,2026-08-02T07:17:09.253Z
Helix,Екатеринбург,Все анализы,analysis,07-023,"Антитела к лямблиям (Giardia lamblia), суммарные",585,,До 5 суток. Указанный срок не включает день взятия биоматериала,https://helix.ru/catalog/item/07-023,2026-08-02T07:17:09.253Z
Helix,Екатеринбург,Все анализы,analysis,07-021,"Антитела к ранним антигенам вируса Эпштейна – Барр (EBV EA, IgG)",685,,До 6 суток. Указанный срок не включает день взятия биоматериала,https://helix.ru/catalog/item/07-021,2026-08-02T07:17:09.253Z
Helix,Екатеринбург,Все анализы,analysis,07-022,"Антитела к ядерному антигену вируса Эпштейна – Барр (EBNA, IgG), количественно",720,,До 6 суток. Указанный срок не включает день взятия биоматериала,https://helix.ru/catalog/item/07-022,2026-08-02T07:17:09.253Z
Helix,Екатеринбург,Все анализы,analysis,07-017,"Антитела к цитомегаловирусу (Cytomegalovirus, IgG)",565,,До 2 суток. Указанный срок не включает день взятия биоматериала,https://helix.ru/catalog/item/07-017,2026-08-02T07:17:09.253Z
Helix,Екатеринбург,Все анализы,analysis,07-027,"Антитела к хеликобактеру пилори (Helicobacter pylori, IgA)",855,,До 8 суток. Указанный срок не включает день взятия биоматериала,https://helix.ru/catalog/item/07-027,2026-08-02T07:17:09.253Z
Helix,Екатеринбург,Все анализы,analysis,07-025,Поверхностный антиген вируса гепатита B (HBsAg),375,,До 2 суток. Указанный срок не включает день взятия биоматериала,https://helix.ru/catalog/item/07-025,2026-08-02T07:17:09.253Z
Helix,Екатеринбург,Все анализы,analysis,07-016,"Антитела к предраннему белку цитомегаловируса (CMV IEA, IgM/IgG)",970,,До 6 суток. Указанный срок не включает день взятия биоматериала,https://helix.ru/catalog/item/07-016,2026-08-02T07:17:09.253Z
Helix,Екатеринбург,Все анализы,analysis,07-018,"Антитела к цитомегаловирусу (Cytomegalovirus, IgM)",695,,До 2 суток. Указанный срок не включает день взятия биоматериала,https://helix.ru/catalog/item/07-018,2026-08-02T07:17:09.253Z
Helix,Екатеринбург,Все анализы,analysis,07-019,"Антитела к эхинококку (Echinococcus, IgG)",625,,До 6 суток. Указанный срок не включает день взятия биоматериала,https://helix.ru/catalog/item/07-019,2026-08-02T07:17:09.253Z
Helix,Екатеринбург,Все анализы,analysis,07-020,"Антитела к капсидному белку вируса Эпштейна – Барр (EBV VCA, IgM)",695,,До 2 суток. Указанный срок не включает день взятия биоматериала,https://helix.ru/catalog/item/07-020,2026-08-02T07:17:09.253Z
Helix,Екатеринбург,Все анализы,analysis,07-028,"Антитела к хеликобактеру пилори (Helicobacter pylori, IgG), количественно",765,,До 5 суток. Указанный срок не включает день взятия биоматериала,https://helix.ru/catalog/item/07-028,2026-08-02T07:17:09.253Z
Helix,Екатеринбург,Все анализы,analysis,07-030,"Антитела к вирусу простого герпеса (HSV 1/2, IgG)",825,,До 2 суток. Указанный срок не включает день взятия биоматериала,https://helix.ru/catalog/item/07-030,2026-08-02T07:17:09.253Z
Helix,Екатеринбург,Все анализы,analysis,07-042,"Антитела к вирусу краснухи (Rubella, IgM)",715,,До 2 суток. Указанный срок не включает день взятия биоматериала,https://helix.ru/catalog/item/07-042,2026-08-02T07:17:09.253Z
Helix,Екатеринбург,Все анализы,analysis,07-033,"Антитела к вирусу кори (Measles Virus, IgG)",695,,До 2 суток. Указанный срок не включает день взятия биоматериала,https://helix.ru/catalog/item/07-033,2026-08-02T07:17:09.253Z
Helix,Екатеринбург,Все анализы,analysis,07-035,"Антитела к микоплазме хоминис (Mycoplasma hominis, IgA)",710,,До 6 суток. Указанный срок не включает день взятия биоматериала,https://helix.ru/catalog/item/07-035,2026-08-02T07:17:09.253Z
Helix,Екатеринбург,Все анализы,analysis,07-040,"Антитела к вирусу краснухи (Rubella, IgG), количественно",595,,До 2 суток. Указанный срок не включает день взятия биоматериала,https://helix.ru/catalog/item/07-040,2026-08-02T07:17:09.253Z
Helix,Екатеринбург,Все анализы,analysis,07-043,"Антитела к токсокаре (Toxocara, IgG), титр",565,,До 5 суток. Указанный срок не включает день взятия биоматериала,https://helix.ru/catalog/item/07-043,2026-08-02T07:17:09.253Z
Helix,Екатеринбург,Все анализы,analysis,07-044,"Антитела к токсоплазме гонди (Toxoplasma gondii, IgG), количественно",610,,До 2 суток. Указанный срок не включает день взятия биоматериала,https://helix.ru/catalog/item/07-044,2026-08-02T07:17:09.253Z
Helix,Екатеринбург,Все анализы,analysis,07-031,"Антитела к вирусу простого герпеса (HSV 1/2, IgM)",565,,До 3 суток. Указанный срок не включает день взятия биоматериала,https://helix.ru/catalog/item/07-031,2026-08-02T07:17:09.253Z
Helix,Екатеринбург,Все анализы,analysis,07-037,"Антитела к описторхам (Opisthorchis, IgG)",620,,До 6 суток. Указанный срок не включает день взятия биоматериала,https://helix.ru/catalog/item/07-037,2026-08-02T07:17:09.253Z
Helix,Екатеринбург,Все анализы,analysis,07-034,Антитела к микобактерии туберкулеза (Mycobacterium tuberculosis),1725,,До 8 суток. Указанный срок не включает день взятия биоматериала,https://helix.ru/catalog/item/07-034,2026-08-02T07:17:09.253Z
Helix,Екатеринбург,Все анализы,analysis,07-032,Антитела к ВИЧ 1/2 и антигену p24 (HIV Ag/Ab),395,,До 2 суток. Указанный срок не включает день взятия биоматериала,https://helix.ru/catalog/item/07-032,2026-08-02T07:17:09.253Z
Helix,Екатеринбург,Все анализы,analysis,07-036,"Антитела к микоплазме хоминис (Mycoplasma hominis, IgG), титр",610,,До 6 суток. Указанный срок не включает день взятия биоматериала,https://helix.ru/catalog/item/07-036,2026-08-02T07:17:09.253Z
Helix,Екатеринбург,Все анализы,analysis,07-046,"Антитела к токсоплазме гонди (Toxoplasma gondii, IgM)",675,,До 2 суток. Указанный срок не включает день взятия биоматериала,https://helix.ru/catalog/item/07-046,2026-08-02T07:17:09.253Z
Helix,Екатеринбург,Все анализы,analysis,07-054,"Антитела к вирусу Варицелла-Зостер (VZV, IgG)",710,,До 6 суток. Указанный срок не включает день взятия биоматериала,https://helix.ru/catalog/item/07-054,2026-08-02T07:17:09.253Z
Helix,Екатеринбург,Все анализы,analysis,07-052,"Антитела к уреаплазме уреалитикум (Ureaplasma urealyticum, IgA)",735,,До 6 суток. Указанный срок не включает день взятия биоматериала,https://helix.ru/catalog/item/07-052,2026-08-02T07:17:09.253Z
Helix,Екатеринбург,Все анализы,analysis,07-053,"Антитела к уреаплазме уреалитикум (Ureaplasma urealyticum, IgG), титр",735,,До 6 суток. Указанный срок не включает день взятия биоматериала,https://helix.ru/catalog/item/07-053,2026-08-02T07:17:09.253Z
Helix,Екатеринбург,Все анализы,analysis,07-062,"Антитела к боррелии бургдорфери (Borrelia burgdorferi, IgM)",545,,До 6 суток. Указанный срок не включает день взятия биоматериала,https://helix.ru/catalog/item/07-062,2026-08-02T07:17:09.253Z
Helix,Екатеринбург,Все анализы,analysis,07-047,"Антитела к бледной трепонеме (Treponema pallidum, IgG), титр",510,,До 5 суток. Указанный срок не включает день взятия биоматериала,https://helix.ru/catalog/item/07-047,2026-08-02T07:17:09.253Z
Helix,Екатеринбург,Все анализы,analysis,07-050,"Антитела к трихинелле (Trichinella, IgG)",590,,До 6 суток. Указанный срок не включает день взятия биоматериала,https://helix.ru/catalog/item/07-050,2026-08-02T07:17:09.253Z
Helix,Екатеринбург,Все анализы,analysis,07-048,"Антитела к бледной трепонеме (Treponema pallidum, IgM), титр",770,,До 5 суток. Указанный срок не включает день взятия биоматериала,https://helix.ru/catalog/item/07-048,2026-08-02T07:17:09.253Z
Helix,Екатеринбург,Все анализы,analysis,07-049,Антитела к бледной трепонеме (Treponema pallidum),495,,До 2 суток. Указанный срок не включает день взятия биоматериала,https://helix.ru/catalog/item/07-049,2026-08-02T07:17:09.253Z
Helix,Екатеринбург,Все анализы,analysis,07-056,"Сифилис RPR (антикардиолипиновый тест/микрореакция преципитации), титр",355,,До 2 суток. Указанный срок не включает день взятия биоматериала,https://helix.ru/catalog/item/07-056,2026-08-02T07:17:09.253Z
Helix,Екатеринбург,Все анализы,analysis,07-055,"Антитела к вирусу Варицелла-Зостер (VZV, IgM)",910,,До 6 суток. Указанный срок не включает день взятия биоматериала,https://helix.ru/catalog/item/07-055,2026-08-02T07:17:09.253Z
Helix,Екатеринбург,Все анализы,analysis,07-051,"Антитела к трихомонаде вагиналис (Trichomonas vaginalis, IgG), титр",775,,До 6 суток. Указанный срок не включает день взятия биоматериала,https://helix.ru/catalog/item/07-051,2026-08-02T07:17:09.253Z
Helix,Екатеринбург,Все анализы,analysis,07-064,"Антитела к боррелии бургдорфери (Borrelia burgdorferi, IgG)",550,,До 6 суток. Указанный срок не включает день взятия биоматериала,https://helix.ru/catalog/item/07-064,2026-08-02T07:17:09.253Z
Helix,Екатеринбург,Все анализы,analysis,07-076,"Антитела к хламидии пневмониа (Chlamydia pneumoniae, IgM)",675,,До 6 суток. Указанный срок не включает день взятия биоматериала,https://helix.ru/catalog/item/07-076,2026-08-02T07:17:09.253Z
Helix,Екатеринбург,Все анализы,analysis,07-074,"Антитела к вирусу гепатита E (anti-HEV, IgM)",960,,До 7 суток. Указанный срок не включает день взятия биоматериала,https://helix.ru/catalog/item/07-074,2026-08-02T07:17:09.253Z
Helix,Екатеринбург,Все анализы,analysis,07-092,"Антитела к вирусу клещевого энцефалита (TBEV, IgM)",520,,До 6 суток. Указанный срок не включает день взятия биоматериала,https://helix.ru/catalog/item/07-092,2026-08-02T07:17:09.253Z
Helix,Екатеринбург,Все анализы,analysis,07-080,"Антитела к микоплазме пневмониа (Mycoplasma pneumoniae, IgG)",615,,До 6 суток. Указанный срок не включает день взятия биоматериала,https://helix.ru/catalog/item/07-080,2026-08-02T07:17:09.253Z
Helix,Екатеринбург,Все анализы,analysis,07-078,"Антитела к микоплазме пневмониа (Mycoplasma pneumoniae, IgM)",695,,До 6 суток. Указанный срок не включает день взятия биоматериала,https://helix.ru/catalog/item/07-078,2026-08-02T07:17:09.253Z
Helix,Екатеринбург,Все анализы,analysis,07-070,"Антитела к бледной трепонеме (Treponema pallidum, IgG) в ликворе",1035,,До 10 суток. Указанный срок не включает день взятия биоматериала,https://helix.ru/catalog/item/07-070,2026-08-02T07:17:09.253Z
Helix,Екатеринбург,Все анализы,analysis,07-082,"Антитела к вирусу герпеса (HHV 6, IgG)",810,,До 6 суток. Указанный срок не включает день взятия биоматериала,https://helix.ru/catalog/item/07-082,2026-08-02T07:17:09.253Z
Helix,Екатеринбург,Все анализы,analysis,07-077,"Антитела к хламидии пневмониа (Chlamydia pneumoniae, IgG)",675,,До 6 суток. Указанный срок не включает день взятия биоматериала,https://helix.ru/catalog/item/07-077,2026-08-02T07:17:09.253Z
Helix,Екатеринбург,Все анализы,analysis,07-071,Антитела к вирусу гепатита D (anti-HDV),810,,До 10 суток. Указанный срок не включает день взятия биоматериала,https://helix.ru/catalog/item/07-071,2026-08-02T07:17:09.253Z
Helix,Екатеринбург,Все анализы,analysis,07-086,Антитела к возбудителю коклюша и паракоклюша (Bordetella pertussis/parapertussis),805,,До 3 суток. Указанный срок не включает день взятия биоматериала,https://helix.ru/catalog/item/07-086,2026-08-02T07:17:09.253Z
Helix,Екатеринбург,Все анализы,analysis,07-079,"Антитела к микоплазме пневмониа (Mycoplasma pneumoniae, IgA)",805,,До 6 суток. Указанный срок не включает день взятия биоматериала,https://helix.ru/catalog/item/07-079,2026-08-02T07:17:09.253Z
Helix,Екатеринбург,Все анализы,analysis,07-093,"Антитела к вирусу клещевого энцефалита (TBEV, IgG)",520,,До 6 суток. Указанный срок не включает день взятия биоматериала,https://helix.ru/catalog/item/07-093,2026-08-02T07:17:09.253Z
Helix,Екатеринбург,Все анализы,analysis,07-107,Антитела к возбудителям шигеллеза (Shigella flexneri 1-5/6/sonnei),790,,До 2 суток. Указанный срок не включает день взятия биоматериала,https://helix.ru/catalog/item/07-107,2026-08-02T07:17:09.253Z
Helix,Екатеринбург,Все анализы,analysis,07-101,"Антитела к вирусу гепатита C (anti-HCV), ИФА",575,,До 2 суток. Указанный срок не включает день взятия биоматериала,https://helix.ru/catalog/item/07-101,2026-08-02T07:17:09.253Z
Helix,Екатеринбург,Все анализы,analysis,07-099,"Антитела к сероварам A, B, C1, C2, D, E сальмонелл (Salmonella spp.)",720,,До 5 суток. Указанный срок не включает день взятия биоматериала,https://helix.ru/catalog/item/07-099,2026-08-02T07:17:09.253Z
Helix,Екатеринбург,Все анализы,analysis,07-097,"Антитела к вирусу эпидемического паротита (Mumps Virus, IgG)",920,,До 6 суток,https://helix.ru/catalog/item/07-097,2026-08-02T07:17:09.253Z
Helix,Екатеринбург,Все анализы,analysis,07-106,Антитела к менингококку (Neisseria meningitidis),1945,,До 5 суток,https://helix.ru/catalog/item/07-106,2026-08-02T07:17:09.253Z
Helix,Екатеринбург,Все анализы,analysis,07-108,Антитела к Vi-aнтигену сальмонеллы (Salmonella typhi),730,,До 2 суток. Указанный срок не включает день взятия биоматериала,https://helix.ru/catalog/item/07-108,2026-08-02T07:17:09.253Z
Helix,Екатеринбург,Все анализы,analysis,07-096,"Антитела к вирусу эпидемического паротита (Mumps Virus, IgM)",920,,До 6 суток,https://helix.ru/catalog/item/07-096,2026-08-02T07:17:09.253Z
Helix,Екатеринбург,Все анализы,analysis,07-111,Антитела к HBе-антигену вируса гепатита B (anti-Hbe),685,,До 9 суток. Указанный срок не включает день взятия биоматериала,https://helix.ru/catalog/item/07-111,2026-08-02T07:17:09.253Z
Helix,Екатеринбург,Все анализы,analysis,07-098,"Антитела к хламидии пневмониа (Chlamydia pneumoniae, IgA)",695,,До 6 суток. Указанный срок не включает день взятия биоматериала,https://helix.ru/catalog/item/07-098,2026-08-02T07:17:09.253Z
Helix,Екатеринбург,Все анализы,analysis,07-110,Антитела к возбудителю дифтерии (Corynebacterium diphtheriae),1015,,До 5 суток. Указанный срок не включает день взятия биоматериала,https://helix.ru/catalog/item/07-110,2026-08-02T07:17:09.253Z
Helix,Екатеринбург,Все анализы,analysis,07-104,"Антитела к возбудителю столбняка (Clostridium tetani, IgG)",1200,,До 7 суток. Указанный срок не включает день взятия биоматериала,https://helix.ru/catalog/item/07-104,2026-08-02T07:17:09.253Z
Helix,Екатеринбург,Все анализы,complex,07-113,"Скрининговое обследование на гельминтозы (Opisthorchis, Toxocara, Trichinella, Echinococcus)",1465,,До 6 суток. Указанный срок не включает день взятия биоматериала,https://helix.ru/catalog/item/07-113,2026-08-02T07:17:09.253Z
Helix,Екатеринбург,Все анализы,analysis,07-117,"Сифилис РПГА (реакция пассивной гемагглютинации), титр",465,,До 2 суток. Указанный срок не включает день взятия биоматериала,https://helix.ru/catalog/item/07-117,2026-08-02T07:17:09.253Z
Helix,Екатеринбург,Все анализы,analysis,07-114,"Антитела к возбудителям псевдотуберкулеза и иерсиниоза (Yersinia pseudotuberculosis/enterocolitica, IgА), качественно",715,,До 10 суток. Указанный срок не включает день взятия биоматериала,https://helix.ru/catalog/item/07-114,2026-08-02T07:17:09.253Z
Helix,Екатеринбург,Все анализы,analysis,07-125,"Антитела к лямблии (Giardia lamblia, IgM)",775,,До 6 суток. Указанный срок не включает день взятия биоматериала,https://helix.ru/catalog/item/07-125,2026-08-02T07:17:09.253Z
Helix,Екатеринбург,Все анализы,analysis,07-126,Выявление антигена лямблии (Giardia lamblia),1095,,До 00:00 следующего дня. Указанный срок не включает день взятия биоматериала,https://helix.ru/catalog/item/07-126,2026-08-02T07:17:09.253Z
Helix,Екатеринбург,Все анализы,analysis,07-123,"Антитела к возбудителю аскаридоза (Ascaris lumbricoides, IgG)",565,,До 6 суток. Указанный срок не включает день взятия биоматериала,https://helix.ru/catalog/item/07-123,2026-08-02T07:17:09.253Z
Helix,Екатеринбург,Все анализы,analysis,07-128,Выявление антигена ротавируса (Rotavirus),855,,До 00:00 следующего дня. Указанный срок не включает день взятия биоматериала,https://helix.ru/catalog/item/07-128,2026-08-02T07:17:09.253Z
Helix,Екатеринбург,Все анализы,analysis,07-115,"Антитела к возбудителям псевдотуберкулеза и иерсиниоза (Yersinia pseudotuberculosis/enterocolitica, IgM), качественно",680,,До 10 суток. Указанный срок не включает день взятия биоматериала,https://helix.ru/catalog/item/07-115,2026-08-02T07:17:09.253Z
Helix,Екатеринбург,Все анализы,analysis,07-124,"Антитела к капсидному белку вируса Эпштейна – Барр (EBV VCA, IgG)",820,,До 00:00 следующего дня. Указанный срок не включает день взятия биоматериала,https://helix.ru/catalog/item/07-124,2026-08-02T07:17:09.253Z
Helix,Екатеринбург,Все анализы,analysis,07-116,"Антитела к возбудителям псевдотуберкулеза и иерсиниоза (Yersinia pseudotuberculosis/enterocolitica, IgG), качественно",735,,До 10 суток. Указанный срок не включает день взятия биоматериала,https://helix.ru/catalog/item/07-116,2026-08-02T07:17:09.253Z
Helix,Екатеринбург,Все анализы,analysis,07-118,"Определение авидности иммуноглобулинов к токсоплазме (Toxoplasma gondii, IgG)",1875,,До 00:00 следующего дня. Указанный срок не включает день взятия биоматериала,https://helix.ru/catalog/item/07-118,2026-08-02T07:17:09.253Z
Helix,Екатеринбург,Все анализы,analysis,07-127,Выявление антигена хеликобактера пилори (Helicobacter pylori),1695,,До 00:00 следующего дня. Указанный срок не включает день взятия биоматериала,https://helix.ru/catalog/item/07-127,2026-08-02T07:17:09.253Z
Helix,Екатеринбург,Все анализы,analysis,07-132,"Антитела к цистицеркам свиного цепня (Taenia solium, IgG )",1175,,До 8 суток. Указанный срок не включает день взятия биоматериала,https://helix.ru/catalog/item/07-132,2026-08-02T07:17:09.253Z
Helix,Екатеринбург,Все анализы,analysis,07-136,"Антитела к вирусу простого герпеса (HSV 1, IgM)",800,,До 9 суток. Указанный срок не включает день взятия биоматериала,https://helix.ru/catalog/item/07-136,2026-08-02T07:17:09.253Z
Helix,Екатеринбург,Все анализы,analysis,07-137,"Антитела к вирусу простого герпеса (HSV 2, IgM)",715,,До 4 суток. Указанный срок не включает день взятия биоматериала,https://helix.ru/catalog/item/07-137,2026-08-02T07:17:09.253Z
Helix,Екатеринбург,Все анализы,analysis,07-138,"Антитела к токсоплазме гонди (Toxoplasma gondii, IgА)",775,,До 10 суток. Указанный срок не включает день взятия биоматериала,https://helix.ru/catalog/item/07-138,2026-08-02T07:17:09.253Z
Helix,Екатеринбург,Все анализы,analysis,07-134,"Антитела к вирусу простого герпеса (HSV 1, IgG)",840,,До 4 суток. Указанный срок не включает день взятия биоматериала,https://helix.ru/catalog/item/07-134,2026-08-02T07:17:09.253Z
Helix,Екатеринбург,Все анализы,analysis,07-131,Антитела к Т-лимфотропному вирусу человека типа 1 и 2 (HTLV-1/2),1340,,До 9 суток,https://helix.ru/catalog/item/07-131,2026-08-02T07:17:09.253Z
Helix,Екатеринбург,Все анализы,analysis,07-143,Антитела к вирусу гепатита А (anti-HAV),1275,,До 00:00 следующего дня. Указанный срок не включает день взятия биоматериала,https://helix.ru/catalog/item/07-143,2026-08-02T07:17:09.253Z
Helix,Екатеринбург,Все анализы,analysis,07-141,"Антитела к хеликобактеру пилори (Helicobacter pylori, IgM)",1085,,До 6 суток. Указанный срок не включает день взятия биоматериала,https://helix.ru/catalog/item/07-141,2026-08-02T07:17:09.253Z
Helix,Екатеринбург,Все анализы,analysis,07-135,"Антитела к вирусу простого герпеса (HSV 2, IgG)",715,,До 4 суток. Указанный срок не включает день взятия биоматериала,https://helix.ru/catalog/item/07-135,2026-08-02T07:17:09.253Z
Helix,Екатеринбург,Все анализы,analysis,07-144,"Антитела к иерсинии псевдотуберкулезной (Yersinia pseudotuberculosis), РНГА",630,,До 3 суток. Указанный срок не включает день взятия биоматериала,https://helix.ru/catalog/item/07-144,2026-08-02T07:17:09.253Z
Helix,Екатеринбург,Все анализы,analysis,07-140,"Антитела к китайской двуустке (Clonorchis sinensis, IgG)",770,,До 6 суток. Указанный срок не включает день взятия биоматериала,https://helix.ru/catalog/item/07-140,2026-08-02T07:17:09.253Z
Helix,Екатеринбург,Все анализы,analysis,07-133,"Антитела к анизакидам (Anisakis, IgG)",1595,,До 10 суток,https://helix.ru/catalog/item/07-133,2026-08-02T07:17:09.253Z
Helix,Екатеринбург,Все анализы,analysis,07-148,"Антитела к вирусу гепатита D (anti-HDV, IgM)",895,,До 6 суток. Указанный срок не включает день взятия биоматериала,https://helix.ru/catalog/item/07-148,2026-08-02T07:17:09.253Z
Helix,Екатеринбург,Все анализы,analysis,07-154,"Антитела к респираторно-синцитиальному вирусу (RSV, IgM)",1420,,До 8 суток,https://helix.ru/catalog/item/07-154,2026-08-02T07:17:09.253Z
Helix,Екатеринбург,Все анализы,analysis,07-155,"Антитела к респираторно-синцитиальному вирусу (RSV, IgG)",1080,,До 8 суток,https://helix.ru/catalog/item/07-155,2026-08-02T07:17:09.253Z
Helix,Екатеринбург,Все анализы,analysis,07-152,"Антитела к коклюшной палочке (Bordetella pertussis, IgG)",1135,,До 10 суток. Указанный срок не включает день взятия биоматериала,https://helix.ru/catalog/item/07-152,2026-08-02T07:17:09.253Z
Helix,Екатеринбург,Все анализы,analysis,07-145,"Антитела к серотипам O:3 и O:9 иерсинии кишечной (Yersinia enterocolitica), РНГА",1375,,До 3 суток. Указанный срок не включает день взятия биоматериала,https://helix.ru/catalog/item/07-145,2026-08-02T07:17:09.253Z
Helix,Екатеринбург,Все анализы,analysis,07-159,"Антитела к угрице кишечной (Strongyloides stercoralis, IgG)",1515,,До 9 суток. Указанный срок не включает день взятия биоматериала,https://helix.ru/catalog/item/07-159,2026-08-02T07:17:09.253Z
Helix,Екатеринбург,Все анализы,analysis,07-147,"Антитела к микоплазме хоминис (Mycoplasma hominis, IgM)",695,,До 10 суток. Указанный срок не включает день взятия биоматериала,https://helix.ru/catalog/item/07-147,2026-08-02T07:17:09.253Z
Helix,Екатеринбург,Все анализы,analysis,07-151,"Антитела к коклюшной палочке (Bordetella pertussis, IgM)",1175,,До 8 суток. Указанный срок не включает день взятия биоматериала,https://helix.ru/catalog/item/07-151,2026-08-02T07:17:09.253Z
Helix,Екатеринбург,Все анализы,analysis,07-150,"Антитела к коклюшной палочке (Bordetella pertussis, IgA)",1920,,До 10 суток. Указанный срок не включает день взятия биоматериала,https://helix.ru/catalog/item/07-150,2026-08-02T07:17:09.253Z
Helix,Екатеринбург,Все анализы,analysis,07-156,"Антитела к бледной трепонеме (Treponema pallidum, IgG) (иммуноблот)",3230,,До 12 суток. Указанный срок не включает день взятия биоматериала,https://helix.ru/catalog/item/07-156,2026-08-02T07:17:09.253Z
Helix,Екатеринбург,Все анализы,analysis,07-158,"Антитела к амебе дизентерийной (Entamoeba histolytica, IgG)",1225,,До 7 суток. Указанный срок не включает день взятия биоматериала,https://helix.ru/catalog/item/07-158,2026-08-02T07:17:09.253Z
Helix,Екатеринбург,Все анализы,analysis,07-153,РПГА с сыпнотифозным диагностикумом риккетсий Провачека,650,,До 10 суток. Указанный срок не включает день взятия биоматериала,https://helix.ru/catalog/item/07-153,2026-08-02T07:17:09.253Z
Helix,Екатеринбург,Все анализы,analysis,07-164,"Антитела к вирусу гепатита А (anti-HAV, IgG)",725,,До 4 суток. Указанный срок не включает день взятия биоматериала,https://helix.ru/catalog/item/07-164,2026-08-02T07:17:09.253Z
Helix,Екатеринбург,Все анализы,analysis,07-162,"Определение авидности иммуноглобулинов к вирусу простого герпеса (HSV 1/2, IgG)",910,,До 9 суток. Указанный срок не включает день взятия биоматериала,https://helix.ru/catalog/item/07-162,2026-08-02T07:17:09.253Z
Helix,Екатеринбург,Все анализы,analysis,07-169,13С-уреазный дыхательный тест на определение хеликобактера пилори (Helicobacter pylori),515,,До 4 суток. Указанный срок не включает день взятия биоматериала,https://helix.ru/catalog/item/07-169,2026-08-02T07:17:09.253Z
Helix,Екатеринбург,Все анализы,analysis,07-163,"Определение авидности иммуноглобулинов к вирусу краснухи (Rubella virus, IgG)",1340,,До 9 суток. Указанный срок не включает день взятия биоматериала,https://helix.ru/catalog/item/07-163,2026-08-02T07:17:09.253Z
Helix,Екатеринбург,Все анализы,analysis,07-170,"Антитела к белку теплового шока хламидии (Chlamydia trachomatis) (anti-cHSP60, IgG)",995,,До 6 суток. Указанный срок не включает день взятия биоматериала,https://helix.ru/catalog/item/07-170,2026-08-02T07:17:09.253Z
Helix,Екатеринбург,Все анализы,analysis,07-161,"Определение авидности иммуноглобулинов к вирусу Эпштейна – Барр (EBV VCA, IgG)",1090,,До 9 суток. Указанный срок не включает день взятия биоматериала,https://helix.ru/catalog/item/07-161,2026-08-02T07:17:09.253Z
Helix,Екатеринбург,Все анализы,analysis,07-166,"Антитела к хламидии пситаци (Chlamydia psittaci, IgA)",2365,,До 9 суток. Указанный срок не включает день взятия биоматериала,https://helix.ru/catalog/item/07-166,2026-08-02T07:17:09.253Z
Helix,Екатеринбург,Все анализы,analysis,07-168,"Антитела к хламидии пситаци (Chlamydia psittaci, IgG)",2365,,До 9 суток. Указанный срок не включает день взятия биоматериала,https://helix.ru/catalog/item/07-168,2026-08-02T07:17:09.253Z
Helix,Екатеринбург,Все анализы,analysis,07-167,"Антитела к хламидии пситаци (Chlamydia psittaci, IgM)",2365,,До 9 суток. Указанный срок не включает день взятия биоматериала,https://helix.ru/catalog/item/07-167,2026-08-02T07:17:09.253Z
Helix,Екатеринбург,Все анализы,analysis,07-160,"Определение авидности иммуноглобулинов к цитомегаловирусу (Cytomegalovirus, IgG)",1710,,До 00:00 следующего дня. Указанный срок не включает день взятия биоматериала,https://helix.ru/catalog/item/07-160,2026-08-02T07:17:09.253Z
Helix,Екатеринбург,Все анализы,analysis,07-165,Иммунологическая диагностика туберкулёза методом T-SPOT.TB,6775,,До 3 суток. Указанный срок не включает день взятия биоматериала,https://helix.ru/catalog/item/07-165,2026-08-02T07:17:09.253Z
Helix,Екатеринбург,Все анализы,analysis,07-172,"Антитела к аденовирусу (Adenoviridae, IgA)",1365,,До 8 суток,https://helix.ru/catalog/item/07-172,2026-08-02T07:17:09.253Z
Helix,Екатеринбург,Все анализы,analysis,07-188,"Антитела к шистосомам (Schistosoma spp., IgG)",1100,,До 9 суток. Указанный срок не включает день взятия биоматериала,https://helix.ru/catalog/item/07-188,2026-08-02T07:17:09.253Z
Helix,Екатеринбург,Все анализы,analysis,07-174,"Антитела к вирусу гепатита C (anti-HCV, IgM)",645,,До 7 суток. Указанный срок не включает день взятия биоматериала,https://helix.ru/catalog/item/07-174,2026-08-02T07:17:09.253Z
Helix,Екатеринбург,Все анализы,analysis,07-179,"Антитела к цитомегаловирусу (Cytomegalovirus, IgG) (иммуноблот)",8770,,До 5 суток. Указанный срок не включает день взятия биоматериала,https://helix.ru/catalog/item/07-179,2026-08-02T07:17:09.253Z
Helix,Екатеринбург,Все анализы,analysis,07-186,"Антитела к описторхам (Opisthorchis, IgM)",930,,До 4 суток. Указанный срок не включает день взятия биоматериала,https://helix.ru/catalog/item/07-186,2026-08-02T07:17:09.253Z
Helix,Екатеринбург,Все анализы,analysis,07-187,"ЦИК, содержащие антигены описторхов",610,,До 10 суток. Указанный срок не включает день взятия биоматериала,https://helix.ru/catalog/item/07-187,2026-08-02T07:17:09.253Z
Helix,Екатеринбург,Все анализы,analysis,07-175,"Антитела к вирусу гепатита E (anti-HEV, IgG)",1050,,До 7 суток. Указанный срок не включает день взятия биоматериала,https://helix.ru/catalog/item/07-175,2026-08-02T07:17:09.253Z
Helix,Екатеринбург,Все анализы,analysis,07-190,Антитела к лейшмании (Leishmania infantum),1280,,До 10 суток. Указанный срок не включает день взятия биоматериала,https://helix.ru/catalog/item/07-190,2026-08-02T07:17:09.253Z
Helix,Екатеринбург,Все анализы,analysis,07-176,"Антитела к вирусу Эпштейна – Барр (EBV, IgM) (иммуноблот)",6450,,До 7 суток. Указанный срок не включает день взятия биоматериала,https://helix.ru/catalog/item/07-176,2026-08-02T07:17:09.253Z
Helix,Екатеринбург,Все анализы,analysis,07-177,"Антитела к вирусу Эпштейна – Барр (EBV, IgG) (иммуноблот)",6450,,До 7 суток. Указанный срок не включает день взятия биоматериала,https://helix.ru/catalog/item/07-177,2026-08-02T07:17:09.253Z
Helix,Екатеринбург,Все анализы,analysis,07-173,"Антитела к аденовирусу (Adenoviridae, IgG)",1460,,До 8 суток,https://helix.ru/catalog/item/07-173,2026-08-02T07:17:09.253Z
Helix,Екатеринбург,Все анализы,analysis,07-181,"Антитела к боррелии (Borrelia, IgG) (иммуноблот)",3325,,До 8 суток. Указанный срок не включает день взятия биоматериала,https://helix.ru/catalog/item/07-181,2026-08-02T07:17:09.253Z
Helix,Екатеринбург,Все анализы,analysis,07-180,"Антитела к боррелии (Borrelia, IgM) (иммуноблот)",3325,,До 8 суток. Указанный срок не включает день взятия биоматериала,https://helix.ru/catalog/item/07-180,2026-08-02T07:17:09.253Z
Helix,Екатеринбург,Все анализы,analysis,07-223,Антитела к возбудителям бруцеллеза (Brucella spp.),710,,До 2 суток. Указанный срок не включает день взятия биоматериала,https://helix.ru/catalog/item/07-223,2026-08-02T07:17:09.253Z
Helix,Екатеринбург,Все анализы,analysis,07-204,"Антитела к вирусу герпеса (HHV 8, IgG)",1210,,До 6 суток. Указанный срок не включает день взятия биоматериала,https://helix.ru/catalog/item/07-204,2026-08-02T07:17:09.253Z
Helix,Екатеринбург,Все анализы,analysis,07-194,"Антитела к дрожжеподобным грибам (Candida albicans, IgA)",900,,До 6 суток. Указанный срок не включает день взятия биоматериала,https://helix.ru/catalog/item/07-194,2026-08-02T07:17:09.253Z
Helix,Екатеринбург,Все анализы,analysis,07-198,"Антитела к бруцеллам (Brucella, IgА)",1010,,До 4 суток. Указанный срок не включает день взятия биоматериала,https://helix.ru/catalog/item/07-198,2026-08-02T07:17:09.253Z
Helix,Екатеринбург,Все анализы,analysis,07-203,"Антитела к главному белку наружной мембраны МОМР и мембраноассоциированному плазмидному белку Pgp3 Chlamydia trachomatis, IgG",955,,До 6 суток. Указанный срок не включает день взятия биоматериала,https://helix.ru/catalog/item/07-203,2026-08-02T07:17:09.253Z
Helix,Екатеринбург,Все анализы,analysis,07-208,"Антитела к коронавирусу SARS-CoV-2 (COVID19), к спайковому (S) и нуклеокапсидному (N) белкам, IgG, качественно",680,,До 2 суток. Указанный срок не включает день взятия биоматериала,https://helix.ru/catalog/item/07-208,2026-08-02T07:17:09.253Z
Helix,Екатеринбург,Все анализы,analysis,07-195,"Антитела к дрожжеподобным грибам (Candida albicans, IgM)",805,,До 5 суток. Указанный срок не включает день взятия биоматериала,https://helix.ru/catalog/item/07-195,2026-08-02T07:17:09.253Z
Helix,Екатеринбург,Все анализы,analysis,07-199,"Антитела к бруцеллам (Brucella, IgG)",645,,До 4 суток. Указанный срок не включает день взятия биоматериала,https://helix.ru/catalog/item/07-199,2026-08-02T07:17:09.253Z
Helix,Екатеринбург,Все анализы,analysis,07-209,"Антитела к коронавирусу SARS-CoV-2 (COVID-19), IgM, качественно",725,,До 4 суток. Указанный срок не включает день взятия биоматериала,https://helix.ru/catalog/item/07-209,2026-08-02T07:17:09.253Z
Helix,Екатеринбург,Все анализы,analysis,07-200,"Поверхностный антиген вируса гепатита В (HBsAg), количественно",1830,,До 3 суток. Указанный срок не включает день взятия биоматериала,https://helix.ru/catalog/item/07-200,2026-08-02T07:17:09.253Z
Helix,Екатеринбург,Все анализы,analysis,07-196,"Антитела к парвовирусу (Parvovirus B19, IgG)",1965,,До 8 суток. Указанный срок не включает день взятия биоматериала,https://helix.ru/catalog/item/07-196,2026-08-02T07:17:09.253Z
Helix,Екатеринбург,Все анализы,analysis,07-197,"Антитела к парвовирусу (Parvovirus B19, IgM)",965,,До 8 суток. Указанный срок не включает день взятия биоматериала,https://helix.ru/catalog/item/07-197,2026-08-02T07:17:09.253Z
Helix,Екатеринбург,Все анализы,complex,08-001,17-кетостероиды (17-КС) в моче (развернутый),3215,,До 5 суток. Указанный срок не включает день взятия биоматериала,https://helix.ru/catalog/item/08-001,2026-08-02T07:17:09.253Z
Helix,Екатеринбург,Все анализы,analysis,08-011,Суммарные иммуноглобулины M (IgM) в сыворотке,370,,До 2 суток. Указанный срок не включает день взятия биоматериала,https://helix.ru/catalog/item/08-011,2026-08-02T07:17:09.253Z
Helix,Екатеринбург,Все анализы,analysis,08-009,Суммарные иммуноглобулины A (IgA) в сыворотке,370,,До 2 суток. Указанный срок не включает день взятия биоматериала,https://helix.ru/catalog/item/08-009,2026-08-02T07:17:09.253Z
Helix,Екатеринбург,Все анализы,analysis,08-006,Раковый антиген CA 19-9,890,,До 2 суток. Указанный срок не включает день взятия биоматериала,https://helix.ru/catalog/item/08-006,2026-08-02T07:17:09.253Z
Helix,Екатеринбург,Все анализы,analysis,08-005,Раковый антиген CA 15-3,830,,До 2 суток. Указанный срок не включает день взятия биоматериала,https://helix.ru/catalog/item/08-005,2026-08-02T07:17:09.253Z
Helix,Екатеринбург,Все анализы,analysis,08-007,Раковый антиген CA 72-4,1135,,До 00:00 следующего дня. Указанный срок не включает день взятия биоматериала,https://helix.ru/catalog/item/08-007,2026-08-02T07:17:09.253Z
Helix,Екатеринбург,Все анализы,analysis,08-004,Раковый антиген CA 125,780,,До 2 суток. Указанный срок не включает день взятия биоматериала,https://helix.ru/catalog/item/08-004,2026-08-02T07:17:09.253Z
Helix,Екатеринбург,Все анализы,analysis,08-008,Фрагменты цитокератина 19 CYFRA 21-1,1145,,До 4 суток,https://helix.ru/catalog/item/08-008,2026-08-02T07:17:09.253Z
Helix,Екатеринбург,Все анализы,analysis,08-010,Суммарные иммуноглобулины G (IgG) в сыворотке,370,,До 2 суток. Указанный срок не включает день взятия биоматериала,https://helix.ru/catalog/item/08-010,2026-08-02T07:17:09.253Z
Helix,Екатеринбург,Все анализы,analysis,08-003,17-гидроксипрогестерон (17-ОПГ),680,,До 3 суток,https://helix.ru/catalog/item/08-003,2026-08-02T07:17:09.253Z
Helix,Екатеринбург,Все анализы,analysis,08-012,Адренокортикотропный гормон (АКТГ),850,,До 00:00 следующего дня. Указанный срок не включает день взятия биоматериала,https://helix.ru/catalog/item/08-012,2026-08-02T07:17:09.253Z
Helix,Екатеринбург,Все анализы,analysis,07-226,"Антитела к коклюшной палочке (Bordetella pertussis, IgA), количественно",1130,,До 5 суток. Указанный срок не включает день взятия биоматериала,https://helix.ru/catalog/item/07-226,2026-08-02T07:17:09.253Z
Helix,Екатеринбург,Все анализы,analysis,08-013,Альдостерон,1085,,До 6 суток,https://helix.ru/catalog/item/08-013,2026-08-02T07:17:09.253Z
Helix,Екатеринбург,Все анализы,analysis,08-020,Бета-субъединица хорионического гонадотропина человека (бета-ХГЧ),430,,До 00:00 следующего дня. Указанный срок не включает день взятия биоматериала,https://helix.ru/catalog/item/08-020,2026-08-02T07:17:09.253Z
Helix,Екатеринбург,Все анализы,analysis,08-027,Кальцитонин в сыворотке,960,,До 2 суток. Указанный срок не включает день взятия биоматериала,https://helix.ru/catalog/item/08-027,2026-08-02T07:17:09.253Z
Helix,Екатеринбург,Все анализы,analysis,08-019,Бета-2-микроглобулин в моче,975,,До 3 суток. Указанный срок не включает день взятия биоматериала,https://helix.ru/catalog/item/08-019,2026-08-02T07:17:09.253Z
Helix,Екатеринбург,Все анализы,analysis,08-024,Дигидротестостерон,1570,,До 4 суток. Указанный срок не включает день взятия биоматериала,https://helix.ru/catalog/item/08-024,2026-08-02T07:17:09.253Z
Helix,Екатеринбург,Все анализы,analysis,08-026,Инсулин,735,,До 2 суток. Указанный срок не включает день взятия биоматериала,https://helix.ru/catalog/item/08-026,2026-08-02T07:17:09.253Z
Helix,Екатеринбург,Все анализы,analysis,08-021,Свободная бета-субъединица хорионического гонадотропина человека (бета-ХГЧ свободный),825,,До 3 суток,https://helix.ru/catalog/item/08-021,2026-08-02T07:17:09.253Z
Helix,Екатеринбург,Все анализы,analysis,08-016,Альфа-фетопротеин (альфа-ФП),520,,До 2 суток. Указанный срок не включает день взятия биоматериала,https://helix.ru/catalog/item/08-016,2026-08-02T07:17:09.253Z
Helix,Екатеринбург,Все анализы,analysis,08-023,"Глобулин, связывающий половые гормоны (ГСПГ)",580,,До 2 суток. Указанный срок не включает день взятия биоматериала,https://helix.ru/catalog/item/08-023,2026-08-02T07:17:09.253Z
Helix,Екатеринбург,Все анализы,analysis,08-018,Бета-2-микроглобулин в сыворотке,990,,До 4 суток. Указанный срок не включает день взятия биоматериала,https://helix.ru/catalog/item/08-018,2026-08-02T07:17:09.253Z
Helix,Екатеринбург,Все анализы,analysis,08-014,Андростендион,1340,,До 7 суток. Указанный срок не включает день взятия биоматериала,https://helix.ru/catalog/item/08-014,2026-08-02T07:17:09.253Z
Helix,Екатеринбург,Все анализы,analysis,08-017,Суммарные иммуноглобулины E (IgE) в сыворотке,565,,До 2 суток. Указанный срок не включает день взятия биоматериала,https://helix.ru/catalog/item/08-017,2026-08-02T07:17:09.253Z
Helix,Екатеринбург,Все анализы,complex,08-029,"Катехоламины (адреналин, норадреналин, дофамин) в моче",2590,,До 5 суток. Указанный срок не включает день взятия биоматериала,https://helix.ru/catalog/item/08-029,2026-08-02T07:17:09.253Z
Helix,Екатеринбург,Все анализы,analysis,08-031,Кортизол в моче,990,,До 2 суток,https://helix.ru/catalog/item/08-031,2026-08-02T07:17:09.253Z
Helix,Екатеринбург,Все анализы,analysis,08-050,Тестостерон свободный,915,,До 2 суток. Указанный срок не включает день взятия биоматериала,https://helix.ru/catalog/item/08-050,2026-08-02T07:17:09.253Z
Helix,Екатеринбург,Все анализы,analysis,08-038,Простат-специфический антиген общий (ПСА общий),620,,До 2 суток. Указанный срок не включает день взятия биоматериала,https://helix.ru/catalog/item/08-038,2026-08-02T07:17:09.253Z
Helix,Екатеринбург,Все анализы,analysis,08-042,Раковый эмбриональный антиген (РЭА),760,,До 2 суток. Указанный срок не включает день взятия биоматериала,https://helix.ru/catalog/item/08-042,2026-08-02T07:17:09.253Z
Helix,Екатеринбург,Все анализы,analysis,08-030,Кортизол,565,,До 2 суток. Указанный срок не включает день взятия биоматериала,https://helix.ru/catalog/item/08-030,2026-08-02T07:17:09.253Z
Helix,Екатеринбург,Все анализы,analysis,08-051,Тиреоглобулин,690,,До 2 суток. Указанный срок не включает день взятия биоматериала,https://helix.ru/catalog/item/08-051,2026-08-02T07:17:09.253Z
Helix,Екатеринбург,Все анализы,analysis,08-056,Эстриол свободный,830,,До 00:00 следующего дня. Указанный срок не включает день взятия биоматериала,https://helix.ru/catalog/item/08-056,2026-08-02T07:17:09.253Z
Helix,Екатеринбург,Все анализы,analysis,08-043,Соматотропный гормон,900,,До 00:00 следующего дня. Указанный срок не включает день взятия биоматериала,https://helix.ru/catalog/item/08-043,2026-08-02T07:17:09.253Z
Helix,Екатеринбург,Все анализы,analysis,08-034,Плацентарный лактоген,1315,,До 7 суток. Указанный срок не включает день взятия биоматериала,https://helix.ru/catalog/item/08-034,2026-08-02T07:17:09.253Z
Helix,Екатеринбург,Все анализы,analysis,08-033,"Паратиреоидный гормон, интактный",915,,До 2 суток. Указанный срок не включает день взятия биоматериала,https://helix.ru/catalog/item/08-033,2026-08-02T07:17:09.253Z
Helix,Екатеринбург,Все анализы,analysis,08-057,Антиген плоскоклеточной карциномы (SCCA),2320,,До 3 суток. Указанный срок не включает день взятия биоматериала,https://helix.ru/catalog/item/08-057,2026-08-02T07:17:09.253Z
Helix,Екатеринбург,Все анализы,complex,08-083,"Катехоламины (адреналин, норадреналин, дофамин) и серотонин в крови",2565,,До 5 суток. Указанный срок не включает день взятия биоматериала,https://helix.ru/catalog/item/08-083,2026-08-02T07:17:09.253Z
Helix,Екатеринбург,Все анализы,complex,08-073,"Метаболиты катехоламинов (ванилилминдальная кислота, гомованилиновая кислота, 5-гидроксииндолуксусная кислота) в моче",3560,,До 6 суток. Указанный срок не включает день взятия биоматериала,https://helix.ru/catalog/item/08-073,2026-08-02T07:17:09.253Z
Helix,Екатеринбург,Все анализы,complex,08-074,"Катехоламины (адреналин, норадреналин, дофамин) и их метаболиты (ванилилминдальная кислота, гомованилиновая кислота, 5-гидроксииндолуксусная кислота) в моче",5540,,До 6 суток. Указанный срок не включает день взятия биоматериала,https://helix.ru/catalog/item/08-074,2026-08-02T07:17:09.253Z
Helix,Екатеринбург,Все анализы,analysis,08-093,Антимюллеровский гормон,1695,,До 00:00 следующего дня. Указанный срок не включает день взятия биоматериала,https://helix.ru/catalog/item/08-093,2026-08-02T07:17:09.253Z
Helix,Екатеринбург,Все анализы,analysis,08-058,Нейронспецифическая энолаза (NSE),1655,,До 3 суток. Указанный срок не включает день взятия биоматериала,https://helix.ru/catalog/item/08-058,2026-08-02T07:17:09.253Z
Helix,Екатеринбург,Все анализы,analysis,08-091,Муциноподобный рако-ассоциированный антиген (MCA),1610,,До 10 суток. Указанный срок не включает день взятия биоматериала,https://helix.ru/catalog/item/08-091,2026-08-02T07:17:09.253Z
Helix,Екатеринбург,Все анализы,analysis,08-092,Копрологическая эластаза,3150,,До 9 суток. Указанный срок не включает день взятия биоматериала,https://helix.ru/catalog/item/08-092,2026-08-02T07:17:09.253Z
Helix,Екатеринбург,Все анализы,analysis,08-090,Пируваткиназа (TM2),2740,,До 10 суток. Указанный срок не включает день взятия биоматериала,https://helix.ru/catalog/item/08-090,2026-08-02T07:17:09.253Z
Helix,Екатеринбург,Все анализы,analysis,08-085,Инсулиноподобный фактор роста,1325,,До 2 суток. Указанный срок не включает день взятия биоматериала,https://helix.ru/catalog/item/08-085,2026-08-02T07:17:09.253Z
Helix,Екатеринбург,Все анализы,analysis,08-088,17-кетостероиды (17-КС) в моче,2145,,До 6 суток. Указанный срок не включает день взятия биоматериала,https://helix.ru/catalog/item/08-088,2026-08-02T07:17:09.253Z
Helix,Екатеринбург,Все анализы,analysis,08-071,Гастрин,1395,,До 5 суток. Указанный срок не включает день взятия биоматериала,https://helix.ru/catalog/item/08-071,2026-08-02T07:17:09.253Z
Helix,Екатеринбург,Все анализы,analysis,08-089,Ингибин B,1540,,До 10 суток. Указанный срок не включает день взятия биоматериала,https://helix.ru/catalog/item/08-089,2026-08-02T07:17:09.253Z
Helix,Екатеринбург,Все анализы,analysis,08-097,Пепсиноген I,1335,,До 8 суток. Указанный срок не включает день взятия биоматериала,https://helix.ru/catalog/item/08-097,2026-08-02T07:17:09.253Z
Helix,Екатеринбург,Все анализы,analysis,08-099,Пепсиноген II,1335,,До 8 суток. Указанный срок не включает день взятия биоматериала,https://helix.ru/catalog/item/08-099,2026-08-02T07:17:09.253Z
Helix,Екатеринбург,Все анализы,analysis,08-111,Лютеинизирующий гормон (ЛГ),520,,До 2 суток. Указанный срок не включает день взятия биоматериала,https://helix.ru/catalog/item/08-111,2026-08-02T07:17:09.253Z
Helix,Екатеринбург,Все анализы,analysis,08-112,Прогестерон,485,,До 2 суток. Указанный срок не включает день взятия биоматериала,https://helix.ru/catalog/item/08-112,2026-08-02T07:17:09.253Z
Helix,Екатеринбург,Все анализы,analysis,08-115,Тироксин общий (Т4),505,,До 2 суток. Указанный срок не включает день взятия биоматериала,https://helix.ru/catalog/item/08-115,2026-08-02T07:17:09.253Z
Helix,Екатеринбург,Все анализы,analysis,08-105,Раковый антиген CA 242,1155,,До 3 суток,https://helix.ru/catalog/item/08-105,2026-08-02T07:17:09.253Z
Helix,Екатеринбург,Все анализы,analysis,08-113,Трийодтиронин общий (Т3),500,,До 2 суток. Указанный срок не включает день взятия биоматериала,https://helix.ru/catalog/item/08-113,2026-08-02T07:17:09.253Z
Helix,Екатеринбург,Все анализы,analysis,08-114,Трийодтиронин свободный (Т3 свободный),485,,До 2 суток. Указанный срок не включает день взятия биоматериала,https://helix.ru/catalog/item/08-114,2026-08-02T07:17:09.253Z
Helix,Екатеринбург,Все анализы,analysis,08-096,Лептин,1260,,До 9 суток. Указанный срок не включает день взятия биоматериала,https://helix.ru/catalog/item/08-096,2026-08-02T07:17:09.253Z
Helix,Екатеринбург,Все анализы,analysis,08-110,Дегидроэпиандростеронсульфат (ДЭА-SO4),520,,До 2 суток. Указанный срок не включает день взятия биоматериала,https://helix.ru/catalog/item/08-110,2026-08-02T07:17:09.253Z
Helix,Екатеринбург,Все анализы,analysis,08-095,Ренин,1405,,До 6 суток,https://helix.ru/catalog/item/08-095,2026-08-02T07:17:09.253Z
Helix,Екатеринбург,Все анализы,analysis,08-094,"Эозинофильный катионный белок (ECP), ImmunoCAP",2920,,До 3 суток. Указанный срок не включает день взятия биоматериала,https://helix.ru/catalog/item/08-094,2026-08-02T07:17:09.253Z
Helix,Екатеринбург,Все анализы,analysis,08-124,Андростендиол глюкуронид,1460,,До 6 суток. Указанный срок не включает день взятия биоматериала,https://helix.ru/catalog/item/08-124,2026-08-02T07:17:09.253Z
Helix,Екатеринбург,Все анализы,analysis,08-117,Тестостерон,470,,До 2 суток. Указанный срок не включает день взятия биоматериала,https://helix.ru/catalog/item/08-117,2026-08-02T07:17:09.253Z
Helix,Екатеринбург,Все анализы,analysis,08-121,Макропролактин,1225,,До 2 суток. Указанный срок не включает день взятия биоматериала,https://helix.ru/catalog/item/08-121,2026-08-02T07:17:09.253Z
Helix,Екатеринбург,Все анализы,analysis,08-126,Ассоциированный с беременностью протеин А плазмы (PAPP-A),960,,До 3 суток,https://helix.ru/catalog/item/08-126,2026-08-02T07:17:09.253Z
Helix,Екатеринбург,Все анализы,analysis,08-122,Пролактин,465,,До 2 суток. Указанный срок не включает день взятия биоматериала,https://helix.ru/catalog/item/08-122,2026-08-02T07:17:09.253Z
Helix,Екатеринбург,Все анализы,analysis,08-120,Эстрадиол,510,,До 2 суток. Указанный срок не включает день взятия биоматериала,https://helix.ru/catalog/item/08-120,2026-08-02T07:17:09.253Z
Helix,Екатеринбург,Все анализы,analysis,08-116,Тироксин свободный (Т4 свободный),485,,До 2 суток. Указанный срок не включает день взятия биоматериала,https://helix.ru/catalog/item/08-116,2026-08-02T07:17:09.253Z
Helix,Екатеринбург,Все анализы,analysis,08-118,Тиреотропный гормон (ТТГ),350,,До 2 суток. Указанный срок не включает день взятия биоматериала,https://helix.ru/catalog/item/08-118,2026-08-02T07:17:09.253Z
Helix,Екатеринбург,Все анализы,analysis,08-119,Фолликулостимулирующий гормон (ФСГ),535,,До 2 суток. Указанный срок не включает день взятия биоматериала,https://helix.ru/catalog/item/08-119,2026-08-02T07:17:09.253Z
Helix,Екатеринбург,Все анализы,analysis,08-125,Проинсулин,4675,,До 18 суток. Указанный срок не включает день взятия биоматериала,https://helix.ru/catalog/item/08-125,2026-08-02T07:17:09.253Z
Helix,Екатеринбург,Все анализы,analysis,08-123,Прегненолон,3095,,До 10 суток. Указанный срок не включает день взятия биоматериала,https://helix.ru/catalog/item/08-123,2026-08-02T07:17:09.253Z
Helix,Екатеринбург,Все анализы,analysis,08-128,Прогастрин-высвобождающий пептид (Pro-GRP),2730,,До 3 суток. Указанный срок не включает день взятия биоматериала,https://helix.ru/catalog/item/08-128,2026-08-02T07:17:09.253Z
Helix,Екатеринбург,Все анализы,complex,08-132,Метанефрин свободный и норметанефрин свободный в моче,2720,,До 5 суток. Указанный срок не включает день взятия биоматериала,https://helix.ru/catalog/item/08-132,2026-08-02T07:17:09.253Z
Helix,Екатеринбург,Все анализы,complex,08-131,"Катехоламины (адреналин, норадреналин, дофамин), серотонин в крови и их метаболиты (ванилилминдальная кислота, гомованилиновая кислота, 5-гидроксииндолуксусная кислота) в моче",3555,,До 5 суток. Указанный срок не включает день взятия биоматериала,https://helix.ru/catalog/item/08-131,2026-08-02T07:17:09.253Z
Helix,Екатеринбург,Все анализы,analysis,08-139,Плацентарный фактор роста (PlGF),4945,,До 7 суток. Указанный срок не включает день взятия биоматериала,https://helix.ru/catalog/item/08-139,2026-08-02T07:17:09.253Z
Helix,Екатеринбург,Все анализы,analysis,08-135,Белок S-100,2930,,До 00:00 следующего дня. Указанный срок не включает день взятия биоматериала,https://helix.ru/catalog/item/08-135,2026-08-02T07:17:09.253Z
Helix,Екатеринбург,Все анализы,analysis,08-140,Кортизол в слюне,940,,До 2 суток. Указанный срок не включает день взятия биоматериала,https://helix.ru/catalog/item/08-140,2026-08-02T07:17:09.253Z
Helix,Екатеринбург,Все анализы,analysis,08-137,Человеческий эпидидимальный протеин 4 (HE4),1405,,До 00:00 следующего дня. Указанный срок не включает день взятия биоматериала,https://helix.ru/catalog/item/08-137,2026-08-02T07:17:09.253Z
Helix,Екатеринбург,Все анализы,analysis,08-136,Трофобластический бета-1-гликопротеин,685,,До 6 суток. Указанный срок не включает день взятия биоматериала,https://helix.ru/catalog/item/08-136,2026-08-02T07:17:09.253Z
Helix,Екатеринбург,Все анализы,complex,08-133,Метанефрин общий и норметанефрин общий в моче,2950,,До 5 суток. Указанный срок не включает день взятия биоматериала,https://helix.ru/catalog/item/08-133,2026-08-02T07:17:09.253Z
Helix,Екатеринбург,Все анализы,analysis,08-141,Хромогранин А,5205,,До 11 суток,https://helix.ru/catalog/item/08-141,2026-08-02T07:17:09.253Z
Helix,Екатеринбург,Все анализы,complex,08-142,Тироксин и его метаболиты,10220,,До 5 суток. Указанный срок не включает день взятия биоматериала,https://helix.ru/catalog/item/08-142,2026-08-02T07:17:09.253Z
Helix,Екатеринбург,Все анализы,analysis,08-129,Гастрин-17,2305,,До 3 суток,https://helix.ru/catalog/item/08-129,2026-08-02T07:17:09.253Z
Helix,Екатеринбург,Все анализы,analysis,08-134,Триптаза,4300,,До 7 суток. Указанный срок не включает день взятия биоматериала,https://helix.ru/catalog/item/08-134,2026-08-02T07:17:09.253Z
Helix,Екатеринбург,Все анализы,complex,08-150,"Андрогены и их метаболиты, расчет соотношений, эстрогены и прогестагены (12 показателей)",10675,,До 6 суток. Указанный срок не включает день взятия биоматериала,https://helix.ru/catalog/item/08-150,2026-08-02T07:17:09.253Z
Helix,Екатеринбург,Все анализы,complex,08-149,"Андрогены и их метаболиты (8 показателей), расчет соотношений",5495,,До 6 суток. Указанный срок не включает день взятия биоматериала,https://helix.ru/catalog/item/08-149,2026-08-02T07:17:09.253Z
Helix,Екатеринбург,Все анализы,complex,08-147,Эстрогены и прогестагены (4 показателя),8800,,До 6 суток. Указанный срок не включает день взятия биоматериала,https://helix.ru/catalog/item/08-147,2026-08-02T07:17:09.253Z
Helix,Екатеринбург,Все анализы,complex,08-148,"Эстрогены и их метаболиты, расчет соотношений, прегнандиол (10 показателей)",8050,,До 6 суток. Указанный срок не включает день взятия биоматериала,https://helix.ru/catalog/item/08-148,2026-08-02T07:17:09.253Z
Helix,Екатеринбург,Все анализы,complex,08-151,Альдостерон-рениновое соотношение,4215,,До 6 суток,https://helix.ru/catalog/item/08-151,2026-08-02T07:17:09.253Z
Helix,Екатеринбург,Все анализы,analysis,08-146,Тестостерон в слюне,2335,,До 10 суток. Указанный срок не включает день взятия биоматериала,https://helix.ru/catalog/item/08-146,2026-08-02T07:17:09.253Z
Helix,Екатеринбург,Все анализы,analysis,08-152,Кислый альфа-1-гликопротеин (орозомукоид),2225,,До 7 суток. Указанный срок не включает день взятия биоматериала,https://helix.ru/catalog/item/08-152,2026-08-02T07:17:09.253Z
Helix,Екатеринбург,Все анализы,analysis,08-156,"Тестостерон свободный в слюне, ВЭЖХ",1755,,До 4 суток. Указанный срок не включает день взятия биоматериала,https://helix.ru/catalog/item/08-156,2026-08-02T07:17:09.253Z
Helix,Екатеринбург,Все анализы,analysis,08-157,"Прогестерон свободный в слюне, ВЭЖХ",1755,,До 4 суток. Указанный срок не включает день взятия биоматериала,https://helix.ru/catalog/item/08-157,2026-08-02T07:17:09.253Z
Helix,Екатеринбург,Все анализы,analysis,08-158,"Дегидроэпиандростерон в слюне, ВЭЖХ",1575,,До 4 суток. Указанный срок не включает день взятия биоматериала,https://helix.ru/catalog/item/08-158,2026-08-02T07:17:09.253Z
Helix,Екатеринбург,Все анализы,analysis,08-159,"Эстрадиол свободный в слюне, ВЭЖХ",1755,,До 4 суток. Указанный срок не включает день взятия биоматериала,https://helix.ru/catalog/item/08-159,2026-08-02T07:17:09.253Z
Helix,Екатеринбург,Все анализы,analysis,08-144,Тироксин-связывающая способность сыворотки (T-Uptake),1230,,До 5 суток,https://helix.ru/catalog/item/08-144,2026-08-02T07:17:09.253Z
Helix,Екатеринбург,Все анализы,complex,08-169,"Кортизол, кортизон, 6-гидроксикортизол и их соотношения в моче",5795,,До 8 суток. Указанный срок не включает день взятия биоматериала,https://helix.ru/catalog/item/08-169,2026-08-02T07:17:09.253Z
Helix,Екатеринбург,Все анализы,analysis,08-161,Мелатонин в слюне: ночная порция (02:00-03:00),3075,,До 6 суток. Указанный срок не включает день взятия биоматериала,https://helix.ru/catalog/item/08-161,2026-08-02T07:17:09.253Z
Helix,Екатеринбург,Все анализы,complex,08-162,Метанефрин свободный и норметанефрин свободный в крови,2750,,До 5 суток. Указанный срок не включает день взятия биоматериала,https://helix.ru/catalog/item/08-162,2026-08-02T07:17:09.253Z
Helix,Екатеринбург,Все анализы,complex,08-163,"Метаболиты эстрогенов, расчет соотношений",11105,,До 6 суток. Указанный срок не включает день взятия биоматериала,https://helix.ru/catalog/item/08-163,2026-08-02T07:17:09.253Z
Helix,Екатеринбург,Все анализы,analysis,08-171,Мелатонин сульфат в моче,3070,,До 8 суток. Указанный срок не включает день взятия биоматериала,https://helix.ru/catalog/item/08-171,2026-08-02T07:17:09.253Z
Helix,Екатеринбург,Все анализы,complex,08-164,Эстрогены в крови (3 показателя),3085,,До 6 суток. Указанный срок не включает день взятия биоматериала,https://helix.ru/catalog/item/08-164,2026-08-02T07:17:09.253Z
Helix,Екатеринбург,Все анализы,analysis,08-172,Серотонин в крови,2950,,До 5 суток. Указанный срок не включает день взятия биоматериала,https://helix.ru/catalog/item/08-172,2026-08-02T07:17:09.253Z
Helix,Екатеринбург,Все анализы,complex,08-160,"Стероидный профиль в слюне, ВЭЖХ",6390,,До 5 суток. Указанный срок не включает день взятия биоматериала,https://helix.ru/catalog/item/08-160,2026-08-02T07:17:09.253Z
Helix,Екатеринбург,Все анализы,analysis,08-166,"Трийодтиронин реверсивный (Т3 реверсивный), ВЭЖХ",7300,,До 4 суток. Указанный срок не включает день взятия биоматериала,https://helix.ru/catalog/item/08-166,2026-08-02T07:17:09.253Z
Helix,Екатеринбург,Все анализы,analysis,08-167,"Трийодтиронин свободный (Т3 свободный), ВЭЖХ",3700,,До 4 суток. Указанный срок не включает день взятия биоматериала,https://helix.ru/catalog/item/08-167,2026-08-02T07:17:09.253Z
Helix,Екатеринбург,Все анализы,analysis,08-168,"Тироксин свободный (Т4 свободный), ВЭЖХ",3630,,До 4 суток. Указанный срок не включает день взятия биоматериала,https://helix.ru/catalog/item/08-168,2026-08-02T07:17:09.253Z
Helix,Екатеринбург,Все анализы,analysis,08-170,"Прегненолон в слюне, ВЭЖХ",7105,,До 4 суток. Указанный срок не включает день взятия биоматериала,https://helix.ru/catalog/item/08-170,2026-08-02T07:17:09.253Z
Helix,Екатеринбург,Все анализы,analysis,09-002,"Возбудитель хламидиоза (Chlamydia trachomatis), ДНК [реал-тайм ПЦР]",375,,До 00:00 следующего дня. Указанный срок не включает день взятия биоматериала,https://helix.ru/catalog/item/09-002,2026-08-02T07:17:09.253Z
Helix,Екатеринбург,Все анализы,analysis,09-001,"Возбудитель кандидоза (Candida albicans), ДНК [реал-тайм ПЦР]",400,,До 00:00 следующего дня. Указанный срок не включает день взятия биоматериала,https://helix.ru/catalog/item/09-001,2026-08-02T07:17:09.253Z
Helix,Екатеринбург,Все анализы,analysis,09-003,"Цитомегаловирус (Cytomegalovirus), ДНК [реал-тайм ПЦР]",385,,До 00:00 следующего дня. Указанный срок не включает день взятия биоматериала,https://helix.ru/catalog/item/09-003,2026-08-02T07:17:09.253Z
Helix,Екатеринбург,Все анализы,analysis,08-174,"Андрогены, глюкокортикоиды, минералокортикоиды, прогестагены, их предшественники и метаболиты (13 показателей) в сыворотке",12700,,До 5 суток. Указанный срок не включает день взятия биоматериала,https://helix.ru/catalog/item/08-174,2026-08-02T07:17:09.253Z
Helix,Екатеринбург,Все анализы,analysis,08-175,"Андрогены, глюкокортикоиды, минералокортикоиды, эстрогены, прогестагены, их предшественники и метаболиты (18 показателей) в сыворотке",13820,,До 5 суток. Указанный срок не включает день взятия биоматериала,https://helix.ru/catalog/item/08-175,2026-08-02T07:17:09.253Z
Helix,Екатеринбург,Все анализы,analysis,08-176,"Андрогены, глюкокортикоиды, минералокортикоиды, эстрогены, прогестагены, их предшественники и метаболиты (13 показателей) в слюне",13205,,До 5 суток. Указанный срок не включает день взятия биоматериала,https://helix.ru/catalog/item/08-176,2026-08-02T07:17:09.253Z
Helix,Екатеринбург,Все анализы,complex,08-179,"Биогенные амины: адреналин, норадреналин, дофамин, серотонин и их метилированные метаболиты (метанефрин, норметанефрин) в сыворотке",8665,,До 5 суток. Указанный срок не включает день взятия биоматериала,https://helix.ru/catalog/item/08-179,2026-08-02T07:17:09.253Z
Helix,Екатеринбург,Все анализы,analysis,08-180,"Метилированные производные аргинина: монометиларгинин (MMA), асимметричный диметиларгинин (ADMA), симметричный диметиларгинин (SDMA)",3090,,До 8 суток. Указанный срок не включает день взятия биоматериала,https://helix.ru/catalog/item/08-180,2026-08-02T07:17:09.253Z
Helix,Екатеринбург,Все анализы,analysis,08-178,"Андрогены, глюкокортикоиды, эстрогены, прогестагены (4 показателя) в слюне",6315,,До 5 суток. Указанный срок не включает день взятия биоматериала,https://helix.ru/catalog/item/08-178,2026-08-02T07:17:09.253Z
Helix,Екатеринбург,Все анализы,analysis,08-173,"Мелатонин в слюне: суточный ритм (утренняя, дневная, вечерняя, ночная порции)",8740,,До 6 суток. Указанный срок не включает день взятия биоматериала,https://helix.ru/catalog/item/08-173,2026-08-02T07:17:09.253Z
Helix,Екатеринбург,Все анализы,analysis,08-177,Метанефрин и норметанефрин в моче: свободные (неконъюгированные с SO4) и общие (свободные и конъюгированные с SO4),5290,,До 5 суток. Указанный срок не включает день взятия биоматериала,https://helix.ru/catalog/item/08-177,2026-08-02T07:17:09.253Z
Helix,Екатеринбург,Все анализы,analysis,08-181,Глюкагон в плазме,23225,,До 20 суток. Указанный срок не включает день взятия биоматериала,https://helix.ru/catalog/item/08-181,2026-08-02T07:17:09.253Z
Helix,Екатеринбург,Все анализы,analysis,09-019,"Вирус папилломы человека (Human Papillomavirus 31/33), ДНК [реал-тайм ПЦР]",400,,До 00:00 следующего дня. Указанный срок не включает день взятия биоматериала,https://helix.ru/catalog/item/09-019,2026-08-02T07:17:09.253Z
Helix,Екатеринбург,Все анализы,analysis,09-006,"Вирус Эпштейна – Барр (Epstein Barr Virus), ДНК [реал-тайм ПЦР]",355,,До 00:00 следующего дня. Указанный срок не включает день взятия биоматериала,https://helix.ru/catalog/item/09-006,2026-08-02T07:17:09.253Z
Helix,Екатеринбург,Все анализы,analysis,09-013,"Вирус простого герпеса (Herpes Simplex Virus 1/2), ДНК [реал-тайм ПЦР]",380,,До 00:00 следующего дня. Указанный срок не включает день взятия биоматериала,https://helix.ru/catalog/item/09-013,2026-08-02T07:17:09.253Z
Helix,Екатеринбург,Все анализы,analysis,09-008,"Вирус гепатита В (HBV), ДНК [реал-тайм ПЦР]",555,,До 3 суток. Указанный срок не включает день взятия биоматериала,https://helix.ru/catalog/item/09-008,2026-08-02T07:17:09.253Z
Helix,Екатеринбург,Все анализы,analysis,09-011,"Вирус гепатита C (HCV), РНК [реал-тайм ПЦР]",705,,До 3 суток. Указанный срок не включает день взятия биоматериала,https://helix.ru/catalog/item/09-011,2026-08-02T07:17:09.253Z
Helix,Екатеринбург,Все анализы,analysis,09-016,"Вирус герпеса человека 7-го типа (Human Herpes Virus 7), ДНК [реал-тайм ПЦР]",585,,До 2 суток. Указанный срок не включает день взятия биоматериала,https://helix.ru/catalog/item/09-016,2026-08-02T07:17:09.253Z
Helix,Екатеринбург,Все анализы,analysis,09-018,"Вирус папилломы человека (Human Papillomavirus 16/18), ДНК [реал-тайм ПЦР]",405,,До 00:00 следующего дня. Указанный срок не включает день взятия биоматериала,https://helix.ru/catalog/item/09-018,2026-08-02T07:17:09.253Z
Helix,Екатеринбург,Все анализы,analysis,09-010,"Вирус гепатита C (HCV), генотипирование (типы 1a, 1b, 2, 3a, 4), РНК [реал-тайм ПЦР]",1645,,До 3 суток. Указанный срок не включает день взятия биоматериала,https://helix.ru/catalog/item/09-010,2026-08-02T07:17:09.253Z
Helix,Екатеринбург,Все анализы,analysis,09-015,"Вирус герпеса человека 6-го типа (Human Herpes Virus 6), ДНК [реал-тайм ПЦР]",360,,До 00:00 следующего дня. Указанный срок не включает день взятия биоматериала,https://helix.ru/catalog/item/09-015,2026-08-02T07:17:09.253Z
Helix,Екатеринбург,Все анализы,analysis,09-012,"Вирус гепатита C (HCV), РНК [реал-тайм ПЦР], количественно",3830,,До 3 суток. Указанный срок не включает день взятия биоматериала,https://helix.ru/catalog/item/09-012,2026-08-02T07:17:09.253Z
Helix,Екатеринбург,Все анализы,analysis,09-007,"Возбудитель гарднереллеза (Gardnerella vaginalis), ДНК [реал-тайм ПЦР]",400,,До 00:00 следующего дня. Указанный срок не включает день взятия биоматериала,https://helix.ru/catalog/item/09-007,2026-08-02T07:17:09.253Z
Helix,Екатеринбург,Все анализы,analysis,09-009,"Вирус гепатита В (HBV), ДНК [реал-тайм ПЦР], количественно",3555,,До 5 суток. Указанный срок не включает день взятия биоматериала,https://helix.ru/catalog/item/09-009,2026-08-02T07:17:09.253Z
Helix,Екатеринбург,Все анализы,analysis,09-023,"Возбудители туберкулеза (Mycobacterium tuberculosis/bovis.), ДНК [реал-тайм ПЦР]",545,,До 00:00 следующего дня. Указанный срок не включает день взятия биоматериала,https://helix.ru/catalog/item/09-023,2026-08-02T07:17:09.253Z
Helix,Екатеринбург,Все анализы,analysis,09-022,"Возбудитель туберкулеза (Mycobacterium tuberculosis), ДНК [реал-тайм ПЦР]",550,,До 00:00 следующего дня. Указанный срок не включает день взятия биоматериала,https://helix.ru/catalog/item/09-022,2026-08-02T07:17:09.253Z
Helix,Екатеринбург,Все анализы,analysis,09-031,"Уреаплазма парвум (Ureaplasma parvum), ДНК [реал-тайм ПЦР]",380,,До 00:00 следующего дня. Указанный срок не включает день взятия биоматериала,https://helix.ru/catalog/item/09-031,2026-08-02T07:17:09.253Z
Helix,Екатеринбург,Все анализы,analysis,09-036,"Возбудитель гранулоцитарного анаплазмоза человека (Anaplasma phagocytophilum), ДНК [реал-тайм ПЦР]",655,,До 2 суток,https://helix.ru/catalog/item/09-036,2026-08-02T07:17:09.253Z
Helix,Екатеринбург,Все анализы,analysis,09-025,"Возбудитель микоплазмоза (Mycoplasma genitalium), ДНК [реал-тайм ПЦР]",400,,До 00:00 следующего дня. Указанный срок не включает день взятия биоматериала,https://helix.ru/catalog/item/09-025,2026-08-02T07:17:09.253Z
Helix,Екатеринбург,Все анализы,analysis,09-039,"Возбудитель болезни Лайма (Borrelia burgdorferi s.l.), ДНК [реал-тайм ПЦР]",515,,До 00:00 следующего дня. Указанный срок не включает день взятия биоматериала,https://helix.ru/catalog/item/09-039,2026-08-02T07:17:09.253Z
Helix,Екатеринбург,Все анализы,analysis,09-020,"Вирус папилломы человека (Human Papillomavirus 6/11), ДНК [реал-тайм ПЦР]",385,,До 00:00 следующего дня. Указанный срок не включает день взятия биоматериала,https://helix.ru/catalog/item/09-020,2026-08-02T07:17:09.253Z
Helix,Екатеринбург,Все анализы,analysis,09-030,"Возбудитель трихомоноза (Trichomonas vaginalis), ДНК [реал-тайм ПЦР]",410,,До 00:00 следующего дня. Указанный срок не включает день взятия биоматериала,https://helix.ru/catalog/item/09-030,2026-08-02T07:17:09.253Z
Helix,Екатеринбург,Все анализы,analysis,09-032,"Уреаплазма уреалитикум (Ureaplasma urealyticum), ДНК [реал-тайм ПЦР]",380,,До 00:00 следующего дня. Указанный срок не включает день взятия биоматериала,https://helix.ru/catalog/item/09-032,2026-08-02T07:17:09.253Z
Helix,Екатеринбург,Все анализы,analysis,09-026,"Возбудитель микоплазмоза (Mycoplasma hominis), ДНК [реал-тайм ПЦР]",400,,До 00:00 следующего дня. Указанный срок не включает день взятия биоматериала,https://helix.ru/catalog/item/09-026,2026-08-02T07:17:09.253Z
Helix,Екатеринбург,Все анализы,analysis,09-027,"Гонококк (Neisseria gonorrhoeae), ДНК [реал-тайм ПЦР]",405,,До 00:00 следующего дня. Указанный срок не включает день взятия биоматериала,https://helix.ru/catalog/item/09-027,2026-08-02T07:17:09.253Z
Helix,Екатеринбург,Все анализы,analysis,09-038,"Возбудитель коклюша (Bordetella pertussis), ДНК [реал-тайм ПЦР]",885,,До 2 суток. Указанный срок не включает день взятия биоматериала,https://helix.ru/catalog/item/09-038,2026-08-02T07:17:09.253Z
Helix,Екатеринбург,Все анализы,analysis,09-040,ДНК возбудителей моноцитарного эрлихиоза человека (Ehrlichia chaffeensis/muris),710,,До 00:00 следующего дня. Указанный срок не включает день взятия биоматериала,https://helix.ru/catalog/item/09-040,2026-08-02T07:17:09.253Z
Helix,Екатеринбург,Все анализы,analysis,09-067,"Возбудитель респираторного хламидиоза (Chlamydia pneumoniae), ДНК [реал-тайм ПЦР]",810,,До 2 суток. Указанный срок не включает день взятия биоматериала,https://helix.ru/catalog/item/09-067,2026-08-02T07:17:09.253Z
Helix,Екатеринбург,Все анализы,analysis,09-066,"Аденовирус (Adenovirus), ДНК [реал-тайм ПЦР]",1180,,До 3 суток. Указанный срок не включает день взятия биоматериала,https://helix.ru/catalog/item/09-066,2026-08-02T07:17:09.253Z
Helix,Екатеринбург,Все анализы,analysis,09-053,"Хеликобактер пилори (Helicobacter pylori), ДНК [реал-тайм ПЦР]",935,,До 2 суток. Указанный срок не включает день взятия биоматериала,https://helix.ru/catalog/item/09-053,2026-08-02T07:17:09.253Z
Helix,Екатеринбург,Все анализы,analysis,09-074,"Пневмококк (Streptococcus pneumoniae), ДНК [реал-тайм ПЦР]",1480,,До 2 суток. Указанный срок не включает день взятия биоматериала,https://helix.ru/catalog/item/09-074,2026-08-02T07:17:09.253Z
Helix,Екатеринбург,Все анализы,analysis,09-065,"Пиогенный стрептококк (Streptococcus pyogenes), ДНК [реал-тайм ПЦР]",875,,До 00:00 следующего дня. Указанный срок не включает день взятия биоматериала,https://helix.ru/catalog/item/09-065,2026-08-02T07:17:09.253Z
Helix,Екатеринбург,Все анализы,analysis,09-071,"Возбудитель микоплазменной пневмонии (Mycoplasma pneumoniae), ДНК [реал-тайм ПЦР]",555,,До 2 суток. Указанный срок не включает день взятия биоматериала,https://helix.ru/catalog/item/09-071,2026-08-02T07:17:09.253Z
Helix,Екатеринбург,Все анализы,analysis,09-068,"Возбудитель токсоплазмоза (Toxoplasma gondii), ДНК [реал-тайм ПЦР]",575,,До 00:00 следующего дня. Указанный срок не включает день взятия биоматериала,https://helix.ru/catalog/item/09-068,2026-08-02T07:17:09.253Z
Helix,Екатеринбург,Все анализы,analysis,09-046,"Вирус гепатита D (HDV), РНК [ПЦР]",895,,До 5 суток. Указанный срок не включает день взятия биоматериала,https://helix.ru/catalog/item/09-046,2026-08-02T07:17:09.253Z
Helix,Екатеринбург,Все анализы,analysis,09-043,"Возбудитель лептоспироза (Leptospira), ДНК [реал-тайм ПЦР]",1280,,До 2 суток. Указанный срок не включает день взятия биоматериала,https://helix.ru/catalog/item/09-043,2026-08-02T07:17:09.253Z
Helix,Екатеринбург,Все анализы,analysis,09-060,"Вирус гепатита A (HAV), РНК [реал-тайм ПЦР]",1335,,До 4 суток. Указанный срок не включает день взятия биоматериала,https://helix.ru/catalog/item/09-060,2026-08-02T07:17:09.253Z
Helix,Екатеринбург,Все анализы,analysis,09-063,"Вирус гепатита G (HGV), РНК [ПЦР]",850,,До 3 суток. Указанный срок не включает день взятия биоматериала,https://helix.ru/catalog/item/09-063,2026-08-02T07:17:09.253Z
Helix,Екатеринбург,Все анализы,complex,09-117,Фемофлор - 8 [реал- тайм ПЦР],1795,,До 2 суток. Указанный срок не включает день взятия биоматериала,https://helix.ru/catalog/item/09-117,2026-08-02T07:17:09.253Z
Helix,Екатеринбург,Все анализы,complex,09-116,Фемофлор - 16 [реал-тайм ПЦР],2870,,До 00:00 следующего дня. Указанный срок не включает день взятия биоматериала,https://helix.ru/catalog/item/09-116,2026-08-02T07:17:09.253Z
Helix,Екатеринбург,Все анализы,analysis,09-100,"Сальмонеллы (Salmonella spp.), ДНК [реал-тайм ПЦР]",1500,,До 2 суток. Указанный срок не включает день взятия биоматериала,https://helix.ru/catalog/item/09-100,2026-08-02T07:17:09.253Z
Helix,Екатеринбург,Все анализы,analysis,09-114,"Уреаплазмы (Ureaplasma spp.), ДНК [реал-тайм ПЦР], количественно",415,,До 00:00 следующего дня. Указанный срок не включает день взятия биоматериала,https://helix.ru/catalog/item/09-114,2026-08-02T07:17:09.253Z
Helix,Екатеринбург,Все анализы,analysis,09-095,"Уреаплазмы (Ureaplasma spp.), ДНК [реал-тайм ПЦР]",395,,До 00:00 следующего дня. Указанный срок не включает день взятия биоматериала,https://helix.ru/catalog/item/09-095,2026-08-02T07:17:09.253Z
Helix,Екатеринбург,Все анализы,analysis,09-084,"Вирус герпеса человека 8-го типа (Human Herpes Virus 8), ДНК [реал-тайм ПЦР]",660,,До 00:00 следующего дня. Указанный срок не включает день взятия биоматериала,https://helix.ru/catalog/item/09-084,2026-08-02T07:17:09.253Z
Helix,Екатеринбург,Все анализы,analysis,09-102,"Шигеллы (Shigella) и энтероинвазивные штаммы кишечной палочки (E. Coli), ДНК [реал-тайм ПЦР]",1805,,До 2 суток. Указанный срок не включает день взятия биоматериала,https://helix.ru/catalog/item/09-102,2026-08-02T07:17:09.253Z
Helix,Екатеринбург,Все анализы,analysis,09-097,"Ротавирус (Rotavirus A), РНК [реал-тайм ПЦР]",1385,,До 2 суток. Указанный срок не включает день взятия биоматериала,https://helix.ru/catalog/item/09-097,2026-08-02T07:17:09.253Z
Helix,Екатеринбург,Все анализы,analysis,09-075,"Энтеровирус (Enterovirus), РНК [реал-тайм ПЦР]",875,,До 4 суток. Указанный срок не включает день взятия биоматериала,https://helix.ru/catalog/item/09-075,2026-08-02T07:17:09.253Z
Helix,Екатеринбург,Все анализы,analysis,09-113,"Возбудитель сифилиса (Treponema pallidum), ДНК [реал-тайм ПЦР]",455,,До 00:00 следующего дня. Указанный срок не включает день взятия биоматериала,https://helix.ru/catalog/item/09-113,2026-08-02T07:17:09.253Z
Helix,Екатеринбург,Все анализы,analysis,09-101,"Возбудитель псевдотуберкулеза (Yersinia pseudotuberculosis), ДНК [реал-тайм ПЦР]",940,,До 2 суток. Указанный срок не включает день взятия биоматериала,https://helix.ru/catalog/item/09-101,2026-08-02T07:17:09.253Z
Helix,Екатеринбург,Все анализы,analysis,09-106,"Вирус папилломы человека (Human Papillomavirus) высокого канцерогенного риска (16, 18, 31, 33, 35, 39, 45, 51, 52, 56, 58, 59), ДНК генотипирование [реал-тайм ПЦР]",1180,,До 00:00 следующего дня. Указанный срок не включает день взятия биоматериала,https://helix.ru/catalog/item/09-106,2026-08-02T07:17:09.253Z
Helix,Екатеринбург,Все анализы,analysis,09-121,"Микоплазмы (Mycoplasma spp.), ДНК [реал-тайм ПЦР]",435,,До 2 суток. Указанный срок не включает день взятия биоматериала,https://helix.ru/catalog/item/09-121,2026-08-02T07:17:09.253Z
Helix,Екатеринбург,Все анализы,analysis,09-148,"Вирус папилломы человека (Human Papillomavirus 16), ДНК [реал-тайм ПЦР]",350,,До 00:00 следующего дня. Указанный срок не включает день взятия биоматериала,https://helix.ru/catalog/item/09-148,2026-08-02T07:17:09.253Z
Helix,Екатеринбург,Все анализы,analysis,09-149,"Вирус папилломы человека (Human Papillomavirus 18), ДНК [реал-тайм ПЦР]",350,,До 00:00 следующего дня. Указанный срок не включает день взятия биоматериала,https://helix.ru/catalog/item/09-149,2026-08-02T07:17:09.253Z
Helix,Екатеринбург,Все анализы,analysis,09-151,"Вирус простого герпеса (Herpes Simplex Virus 1), ДНК [реал-тайм ПЦР]",345,,До 00:00 следующего дня. Указанный срок не включает день взятия биоматериала,https://helix.ru/catalog/item/09-151,2026-08-02T07:17:09.253Z
Helix,Екатеринбург,Все анализы,analysis,09-152,"Вирус простого герпеса (Herpes Simplex Virus 2), ДНК [реал-тайм ПЦР]",345,,До 00:00 следующего дня. Указанный срок не включает день взятия биоматериала,https://helix.ru/catalog/item/09-152,2026-08-02T07:17:09.253Z
Helix,Екатеринбург,Все анализы,analysis,09-140,"Вирус папилломы человека (Human Papillomavirus) низкого (6, 11, 44) и высокого (16, 18, 26, 31, 33, 35, 39, 45, 51, 52, 53, 56, 58, 59, 66, 68, 73, 82) канцерогенного риска, ДНК (выявление, генотипирование и количественное определение) [реал-тайм ПЦР]",3100,,До 00:00 следующего дня. Указанный срок не включает день взятия биоматериала,https://helix.ru/catalog/item/09-140,2026-08-02T07:17:09.253Z
Helix,Екатеринбург,Все анализы,analysis,09-120,"Вирусы гриппа А/В (Influenza virus A/B), РНК [реал-тайм ПЦР]",2190,,До 00:00 следующего дня. Указанный срок не включает день взятия биоматериала,https://helix.ru/catalog/item/09-120,2026-08-02T07:17:09.253Z
Helix,Екатеринбург,Все анализы,analysis,09-150,"Возбудитель кишечного иерсиниоза (Yersinia enterocolitica), ДНК [реал-тайм ПЦР]",1135,,До 2 суток. Указанный срок не включает день взятия биоматериала,https://helix.ru/catalog/item/09-150,2026-08-02T07:17:09.253Z
Helix,Екатеринбург,Все анализы,analysis,09-119,"Свиной грипп (Influenza virus A/H1N1, sw2009), РНК [реал-тайм ПЦР]",2815,,До 00:00 следующего дня. Указанный срок не включает день взятия биоматериала,https://helix.ru/catalog/item/09-119,2026-08-02T07:17:09.253Z
Helix,Екатеринбург,Все анализы,analysis,09-134,"Острые кишечные инфекции, скрининг (Shigella spp., E. coli (EIEC), Salmonella spp., Campylobacter spp., Adenovirus F, Rotavirus A, Norovirus II, Astrovirus)",2295,,До 3 суток. Указанный срок не включает день взятия биоматериала,https://helix.ru/catalog/item/09-134,2026-08-02T07:17:09.253Z
Helix,Екатеринбург,Все анализы,analysis,09-123,"Вирус ветряной оспы (Varicella Zoster Virus), ДНК [реал-тайм ПЦР]",630,,До 00:00 следующего дня. Указанный срок не включает день взятия биоматериала,https://helix.ru/catalog/item/09-123,2026-08-02T07:17:09.253Z
Helix,Екатеринбург,Все анализы,analysis,09-138,"Парвовирус (Parvovirus B19), ДНК [реал-тайм ПЦР]",940,,До 10 суток. Указанный срок не включает день взятия биоматериала,https://helix.ru/catalog/item/09-138,2026-08-02T07:17:09.253Z
Helix,Екатеринбург,Все анализы,complex,09-168,"Комплексное исследование на вирусы ЦМВ, ВЭБ, ВГЧ 6 (Cytomegalovirus, Epstein Barr Virus, Human Herpes Virus 6), ДНК [реал-тайм ПЦР], количественно",1395,,До 3 суток. Указанный срок не включает день взятия биоматериала,https://helix.ru/catalog/item/09-168,2026-08-02T07:17:09.253Z
Helix,Екатеринбург,Все анализы,complex,09-165,"Диагностика бактериального вагиноза, ДНК количественно [реал-тайм ПЦР]",2020,,До 3 суток. Указанный срок не включает день взятия биоматериала,https://helix.ru/catalog/item/09-165,2026-08-02T07:17:09.253Z
Helix,Екатеринбург,Все анализы,complex,09-173,"""Андрофлор-скрин"", ДНК количественно [реал-тайм ПЦР]",2335,,До 2 суток. Указанный срок не включает день взятия биоматериала,https://helix.ru/catalog/item/09-173,2026-08-02T07:17:09.253Z
Helix,Екатеринбург,Все анализы,complex,09-172,"Развернутая диагностика ЗППП для мужчин (""Андрофлор""), ДНК количественно [реал-тайм ПЦР]",3480,,До 00:00 следующего дня. Указанный срок не включает день взятия биоматериала,https://helix.ru/catalog/item/09-172,2026-08-02T07:17:09.253Z
Helix,Екатеринбург,Все анализы,analysis,09-163,"Возбудитель микоплазмоза (Mycoplasma hominis), ДНК [реал-тайм ПЦР], количественно",590,,До 3 суток. Указанный срок не включает день взятия биоматериала,https://helix.ru/catalog/item/09-163,2026-08-02T07:17:09.253Z
Helix,Екатеринбург,Все анализы,analysis,09-164,"Цитомегаловирус (Cytomegalovirus), ДНК, количественно [реал-тайм ПЦР]",580,,До 3 суток. Указанный срок не включает день взятия биоматериала,https://helix.ru/catalog/item/09-164,2026-08-02T07:17:09.253Z
Helix,Екатеринбург,Все анализы,analysis,09-157,"Аденовирус, кишечные типы (Adenovirus F40/F41), ДНК [реал-тайм ПЦР]",1560,,До 2 суток. Указанный срок не включает день взятия биоматериала,https://helix.ru/catalog/item/09-157,2026-08-02T07:17:09.253Z
Helix,Екатеринбург,Все анализы,analysis,09-155,"Вирус папилломы человека (Human Papillomavirus 16/18), ДНК (выявление, генотипирование и количественное определение) [реал-тайм ПЦР]",570,,До 2 суток. Указанный срок не включает день взятия биоматериала,https://helix.ru/catalog/item/09-155,2026-08-02T07:17:09.253Z
Helix,Екатеринбург,Все анализы,analysis,09-158,"Норовирус (Norovirus II), РНК [реал-тайм ПЦР]",1500,,До 2 суток. Указанный срок не включает день взятия биоматериала,https://helix.ru/catalog/item/09-158,2026-08-02T07:17:09.253Z
Helix,Екатеринбург,Все анализы,analysis,09-171,"Типирование вируса гриппа А (Influenza virus A) (H1N1, H3N2)",3045,,До 2 суток. Указанный срок не включает день взятия биоматериала,https://helix.ru/catalog/item/09-171,2026-08-02T07:17:09.253Z
Helix,Екатеринбург,Все анализы,analysis,09-159,"Типирование и количественное определение ДНК грибов рода кандида (C. albicans, C. glabrata, C. krusei, C. parapsilosis / C. tropicalis)",905,,До 5 суток. Указанный срок не включает день взятия биоматериала,https://helix.ru/catalog/item/09-159,2026-08-02T07:17:09.253Z
Helix,Екатеринбург,Все анализы,analysis,09-160,"Вирус гепатита C (HCV), РНК [реал-тайм ПЦР], количественно, высокочувствительный метод",10795,,До 11 суток. Указанный срок не включает день взятия биоматериала,https://helix.ru/catalog/item/09-160,2026-08-02T07:17:09.253Z
Helix,Екатеринбург,Все анализы,complex,09-174,"Флороценоз микоплазмы, ДНК количественно [реал-тайм ПЦР]",850,,До 5 суток. Указанный срок не включает день взятия биоматериала,https://helix.ru/catalog/item/09-174,2026-08-02T07:17:09.253Z
Helix,Екатеринбург,Все анализы,analysis,09-181,"Вирус Эпштейна – Барр (Epstein Barr Virus), ДНК [реал-тайм ПЦР], количественно",480,,До 3 суток. Указанный срок не включает день взятия биоматериала,https://helix.ru/catalog/item/09-181,2026-08-02T07:17:09.253Z
Helix,Екатеринбург,Все анализы,analysis,09-182,"Вирус герпеса человека 6-го типа (Human Herpes Virus 6), ДНК [реал-тайм ПЦР], количественно",480,,До 3 суток. Указанный срок не включает день взятия биоматериала,https://helix.ru/catalog/item/09-182,2026-08-02T07:17:09.253Z
Helix,Екатеринбург,Все анализы,analysis,09-186,Экспресс-анализ на коронавирус SARS-CoV-2 (COVID-19) + справка на английском языке,1775,,До 12 часов,https://helix.ru/catalog/item/09-186,2026-08-02T07:17:09.253Z
Helix,Екатеринбург,Все анализы,analysis,09-183,"Вирус папилломы человека (Human Papillomavirus) высокого канцерогенного риска (16, 18, 31, 33, 35, 39, 45, 51, 52, 56, 58, 59, 66, 68 типы), ДНК, без определения типа [реал-тайм ПЦР]",1505,,До 00:00 следующего дня. Указанный срок не включает день взятия биоматериала,https://helix.ru/catalog/item/09-183,2026-08-02T07:17:09.253Z
Helix,Екатеринбург,Все анализы,analysis,09-175,"Уреаплазма парвум (Ureaplasma parvum), ДНК [реал-тайм ПЦР],количественно",640,,До 5 суток. Указанный срок не включает день взятия биоматериала,https://helix.ru/catalog/item/09-175,2026-08-02T07:17:09.253Z
Helix,Екатеринбург,Все анализы,analysis,09-179,ОРВИ-скрин,3360,,До 2 суток,https://helix.ru/catalog/item/09-179,2026-08-02T07:17:09.253Z
Helix,Екатеринбург,Все анализы,analysis,09-176,"Уреаплазма уреалитикум (Ureaplasma urealyticum), ДНК [реал-тайм ПЦР], количественно",555,,До 5 суток. Указанный срок не включает день взятия биоматериала,https://helix.ru/catalog/item/09-176,2026-08-02T07:17:09.253Z
Helix,Екатеринбург,Все анализы,analysis,09-180,"Острые кишечные инфекции (Rotavirus A, Norovirus II, Astrovirus)",1510,,До 4 суток. Указанный срок не включает день взятия биоматериала,https://helix.ru/catalog/item/09-180,2026-08-02T07:17:09.253Z
Helix,Екатеринбург,Все анализы,analysis,09-184,"Вирус папилломы человека (Human Papillomavirus) высокого канцерогенного риска (16, 18, 31, 33, 35, 39, 45, 51, 52, 56, 58, 59, 66, 68 типы), ДНК количественно, скрининг с определением возможности интеграции вируса в геном [реал-тайм ПЦР]",1210,,До 00:00 следующего дня. Указанный срок не включает день взятия биоматериала,https://helix.ru/catalog/item/09-184,2026-08-02T07:17:09.253Z
Helix,Екатеринбург,Все анализы,analysis,09-185,"Коронавирус SARS-CoV-2 (COVID-19), РНК [реал-тайм ПЦР]",1145,,До 00:00 следующего дня,https://helix.ru/catalog/item/09-185,2026-08-02T07:17:09.253Z
Helix,Екатеринбург,Все анализы,analysis,09-177,"Вирус папилломы человека (Human Papillomavirus) высокого канцерогенного риска (16, 18, 31, 33, 35, 39, 45, 51, 52, 56, 58, 59, 68), Digene-тест",8370,,До 16 суток. Указанный срок не включает день взятия биоматериала,https://helix.ru/catalog/item/09-177,2026-08-02T07:17:09.253Z
Helix,Екатеринбург,Все анализы,analysis,10-004,Посев на грибы (Candida spp.) с подбором антимикотических препаратов,1760,,До 5 суток. Указанный срок не включает день взятия биоматериала,https://helix.ru/catalog/item/10-004,2026-08-02T07:17:09.253Z
Helix,Екатеринбург,Все анализы,analysis,09-190,"Возбудитель хламидиоза (Chlamydia trachomatis), ДНК, количественно [реал-тайм ПЦР]",650,,До 2 суток. Указанный срок не включает день взятия биоматериала,https://helix.ru/catalog/item/09-190,2026-08-02T07:17:09.253Z
Helix,Екатеринбург,Все анализы,analysis,10-009,Посев на гемолитический стрептококк группы А,1210,,До 4 суток. Указанный срок не включает день взятия биоматериала,https://helix.ru/catalog/item/10-009,2026-08-02T07:17:09.253Z
Helix,Екатеринбург,Все анализы,analysis,09-187,"Возбудитель микоплазмоза (Mycoplasma genitalium), ДНК, количественно [реал-тайм ПЦР]",650,,До 2 суток. Указанный срок не включает день взятия биоматериала,https://helix.ru/catalog/item/09-187,2026-08-02T07:17:09.253Z
Helix,Екатеринбург,Все анализы,analysis,09-189,"Возбудитель трихомоноза (Trichomonas vaginalis), ДНК, количественно [реал-тайм ПЦР]",650,,До 2 суток. Указанный срок не включает день взятия биоматериала,https://helix.ru/catalog/item/09-189,2026-08-02T07:17:09.253Z
Helix,Екатеринбург,Все анализы,analysis,09-188,"Гонококк (Neisseria gonorrhoeae), ДНК [реал-тайм ПЦР], количественно",650,,До 2 суток. Указанный срок не включает день взятия биоматериала,https://helix.ru/catalog/item/09-188,2026-08-02T07:17:09.253Z
Helix,Екатеринбург,Все анализы,analysis,09-195,"Возбудители малярии (Plasmodium spp., Plasmodium falciparum/vivax), ДНК [реал-тайм ПЦР]",5865,,До 2 суток. Указанный срок не включает день взятия биоматериала,https://helix.ru/catalog/item/09-195,2026-08-02T07:17:09.253Z
Helix,Екатеринбург,Все анализы,analysis,09-196,"ФЛОРОСКРИН - комплексное исследование с выявлением гонококка, хламидий, микоплазм и трихомонад (NCMT)",4935,,До 2 суток. Указанный срок не включает день взятия биоматериала,https://helix.ru/catalog/item/09-196,2026-08-02T07:17:09.253Z
Helix,Екатеринбург,Все анализы,analysis,09-197,ФЛОРОСКРИН - комплексное исследование,5110,,До 2 суток. Указанный срок не включает день взятия биоматериала,https://helix.ru/catalog/item/09-197,2026-08-02T07:17:09.253Z
Helix,Екатеринбург,Все анализы,analysis,10-002,Посев на микоплазмы (Mycoplasma hominis) с определением чувствительности к антибиотикам (при титре 1х10^4 и выше),1145,,До 4 суток. Указанный срок не включает день взятия биоматериала,https://helix.ru/catalog/item/10-002,2026-08-02T07:17:09.253Z
Helix,Екатеринбург,Все анализы,analysis,10-003,Посев на уреаплазмы (Ureaplasma spp.) с определением чувствительности к антибиотикам (при титре 1х10^4 и выше),1305,,До 4 суток. Указанный срок не включает день взятия биоматериала,https://helix.ru/catalog/item/10-003,2026-08-02T07:17:09.253Z
Helix,Екатеринбург,Все анализы,analysis,09-203,"Гемолитический стрептококк группы В (Streptococcus agalactiae), ДНК [реал-тайм ПЦР]",1955,,До 2 суток. Указанный срок не включает день взятия биоматериала,https://helix.ru/catalog/item/09-203,2026-08-02T07:17:09.253Z
Helix,Екатеринбург,Все анализы,analysis,10-026,Посев содержимого десневого кармана на анаэробную флору,970,,До 6 суток. Указанный срок не включает день взятия биоматериала,https://helix.ru/catalog/item/10-026,2026-08-02T07:17:09.253Z
Helix,Екатеринбург,Все анализы,analysis,10-043,Посев на анаэробную флору,1355,,До 6 суток. Указанный срок не включает день взятия биоматериала,https://helix.ru/catalog/item/10-043,2026-08-02T07:17:09.253Z
Helix,Екатеринбург,Все анализы,analysis,10-025,Посев содержимого десневого кармана на аэробную и факультативно-анаэробную флору,1025,,До 5 суток. Указанный срок не включает день взятия биоматериала,https://helix.ru/catalog/item/10-025,2026-08-02T07:17:09.253Z
Helix,Екатеринбург,Все анализы,analysis,10-010,Посев на дифтерийную палочку (Corynebacterium diphtheriae),1105,,До 6 суток. Указанный срок не включает день взятия биоматериала,https://helix.ru/catalog/item/10-010,2026-08-02T07:17:09.253Z
Helix,Екатеринбург,Все анализы,analysis,10-015,Посев кала на условно-патогенную флору с определением чувствительности к антибиотикам,1520,,До 6 суток. Указанный срок не включает день взятия биоматериала,https://helix.ru/catalog/item/10-015,2026-08-02T07:17:09.253Z
Helix,Екатеринбург,Все анализы,analysis,10-038,Посев на аэробную и факультативно-анаэробную флору с определением чувствительности к антибиотикам и подбором минимальной подавляющей концентрации препарата,1600,,До 4 суток. Указанный срок не включает день взятия биоматериала,https://helix.ru/catalog/item/10-038,2026-08-02T07:17:09.253Z
Helix,Екатеринбург,Все анализы,analysis,10-012,Посев кала на патогенную флору (диз. группа и тифопаратифозная группа) с определением чувствительности к антибиотикам,1020,,До 6 суток. Указанный срок не включает день взятия биоматериала,https://helix.ru/catalog/item/10-012,2026-08-02T07:17:09.253Z
Helix,Екатеринбург,Все анализы,analysis,10-014,"Исследование кожи, волос и ногтевых пластинок на поверхностные микозы",800,,До 3 суток. Указанный срок не включает день взятия биоматериала,https://helix.ru/catalog/item/10-014,2026-08-02T07:17:09.253Z
Helix,Екатеринбург,Все анализы,analysis,10-032,Кандидоз слизистой. Выделение чистой культуры и определение чувствительности к антимикотическим препаратам,1090,,До 5 суток. Указанный срок не включает день взятия биоматериала,https://helix.ru/catalog/item/10-032,2026-08-02T07:17:09.253Z
Helix,Екатеринбург,Все анализы,analysis,10-044,Посев на микоплазмы (Mycoplasma hominis),840,,До 3 суток. Указанный срок не включает день взятия биоматериала,https://helix.ru/catalog/item/10-044,2026-08-02T07:17:09.253Z
Helix,Екатеринбург,Все анализы,analysis,10-033,"Вирус простого герпеса (Herpes Simplex Virus 1/2), ИФА",1325,,До 7 суток. Указанный срок не включает день взятия биоматериала,https://helix.ru/catalog/item/10-033,2026-08-02T07:17:09.253Z
Helix,Екатеринбург,Все анализы,analysis,10-034,"Аденовирус (Adenovirus), ИФА",1025,,До 7 суток. Указанный срок не включает день взятия биоматериала,https://helix.ru/catalog/item/10-034,2026-08-02T07:17:09.253Z
Helix,Екатеринбург,Все анализы,analysis,10-051,Посев на иерсинии (Yersinia spp.),1375,,До 11 суток. Указанный срок не включает день взятия биоматериала,https://helix.ru/catalog/item/10-051,2026-08-02T07:17:09.253Z
Helix,Екатеринбург,Все анализы,analysis,10-057,Посев кала на патогенную флору (диз. группа и тифопаратифозная группа) без определения чувствительности к антибиотикам,810,,До 4 суток. Указанный срок не включает день взятия биоматериала,https://helix.ru/catalog/item/10-057,2026-08-02T07:17:09.253Z
Helix,Екатеринбург,Все анализы,analysis,10-065,Дисбактериоз кишечника,1570,,До 7 суток. Указанный срок не включает день взятия биоматериала,https://helix.ru/catalog/item/10-065,2026-08-02T07:17:09.253Z
Helix,Екатеринбург,Все анализы,analysis,10-049,Посев на аэробную и факультативно-анаэробную флору,1085,,До 7 суток. Указанный срок не включает день взятия биоматериала,https://helix.ru/catalog/item/10-049,2026-08-02T07:17:09.253Z
Helix,Екатеринбург,Все анализы,analysis,10-048,Посев на гарднереллы (Gardnerella vaginalis),1020,,До 6 суток. Указанный срок не включает день взятия биоматериала,https://helix.ru/catalog/item/10-048,2026-08-02T07:17:09.253Z
Helix,Екатеринбург,Все анализы,analysis,10-046,Посев отделяемого раны на анаэробную флору,1775,,До 6 суток. Указанный срок не включает день взятия биоматериала,https://helix.ru/catalog/item/10-046,2026-08-02T07:17:09.253Z
Helix,Екатеринбург,Все анализы,analysis,10-053,Посев кала на патогенные эшерихии,1085,,До 6 суток. Указанный срок не включает день взятия биоматериала,https://helix.ru/catalog/item/10-053,2026-08-02T07:17:09.253Z
Helix,Екатеринбург,Все анализы,analysis,10-056,Посев кала на условно-патогенную флору без определения чувствительности к антибиотикам,1310,,До 5 суток. Указанный срок не включает день взятия биоматериала,https://helix.ru/catalog/item/10-056,2026-08-02T07:17:09.253Z
Helix,Екатеринбург,Все анализы,analysis,10-062,"Посев на золотистый стафилококк (Staphylococcus aureus), количественный результат",895,,До 4 суток. Указанный срок не включает день взятия биоматериала,https://helix.ru/catalog/item/10-062,2026-08-02T07:17:09.253Z
Helix,Екатеринбург,Все анализы,analysis,10-055,Исследование микробиоценоза влагалища с определением чувствительности к антибиотикам,3665,,До 7 суток. Указанный срок не включает день взятия биоматериала,https://helix.ru/catalog/item/10-055,2026-08-02T07:17:09.253Z
Helix,Екатеринбург,Все анализы,analysis,10-052,Посев на возбудителей коклюша и паракоклюша (Bordetella pertussis/parapertussis),1065,,До 8 суток. Указанный срок не включает день взятия биоматериала,https://helix.ru/catalog/item/10-052,2026-08-02T07:17:09.253Z
Helix,Екатеринбург,Все анализы,analysis,10-045,Посев на уреаплазмы (Ureaplasma spp.) без определения чувствительности к антибиотикам,840,,До 3 суток. Указанный срок не включает день взятия биоматериала,https://helix.ru/catalog/item/10-045,2026-08-02T07:17:09.253Z
Helix,Екатеринбург,Все анализы,complex,10-072,"Посев на возбудителей дерматомикозов (Trichophyton spp., Microsporum spp., Epidermophyton spp.) без определения чувствительности к антимикотическим препаратам",1175,,До 32 суток. Указанный срок не включает день взятия биоматериала,https://helix.ru/catalog/item/10-072,2026-08-02T07:17:09.253Z
Helix,Екатеринбург,Все анализы,complex,10-071,"Посев на грибы родов Candida, Aspergillus, Cryptococcus с подбором антимикотических препаратов для кандиды (Candida spp.) (мазки различных локализаций)",1260,,До 15 суток. Указанный срок не включает день взятия биоматериала,https://helix.ru/catalog/item/10-071,2026-08-02T07:17:09.253Z
Helix,Екатеринбург,Все анализы,analysis,10-073,Посев отделяемого раны на аэробную и факультативно-анаэробную флору,1830,,До 7 суток. Указанный срок не включает день взятия биоматериала,https://helix.ru/catalog/item/10-073,2026-08-02T07:17:09.253Z
Helix,Екатеринбург,Все анализы,analysis,10-067,"Посев на золотистый стафилококк (Staphylococcus aureus), качественный результат",875,,До 4 суток. Указанный срок не включает день взятия биоматериала,https://helix.ru/catalog/item/10-067,2026-08-02T07:17:09.253Z
Helix,Екатеринбург,Все анализы,analysis,12-001,Цитологическое исследование мазков (соскобов) с поверхности шейки матки (наружного маточного зева) и цервикального канала на атипию,695,,До 3 суток. Указанный срок не включает день взятия биоматериала,https://helix.ru/catalog/item/12-001,2026-08-02T07:17:09.253Z
Helix,Екатеринбург,Все анализы,analysis,10-074,Посев отделяемого раны с определением чувствительности к антибиотикам и подбором минимальной подавляющей концентрации препарата,1525,,До 4 суток. Указанный срок не включает день взятия биоматериала,https://helix.ru/catalog/item/10-074,2026-08-02T07:17:09.253Z
Helix,Екатеринбург,Все анализы,analysis,12-003,"Цитологическое исследование гормонального фона (при угрозе прерывания беременности, нарушениях цикла)",855,,До 3 суток. Указанный срок не включает день взятия биоматериала,https://helix.ru/catalog/item/12-003,2026-08-02T07:17:09.253Z
Helix,Екатеринбург,Все анализы,analysis,10-069,Посев на грибы (Aspergillus spp.) без определения чувствительности к антимикотическим препаратам (мазки различных локализаций),925,,До 16 суток. Указанный срок не включает день взятия биоматериала,https://helix.ru/catalog/item/10-069,2026-08-02T07:17:09.253Z
Helix,Екатеринбург,Все анализы,analysis,10-070,Посев на криптококки (Cryptococcus spp.) без определения чувствительности к антимикотическим препаратам (мазки различных локализаций),925,,До 15 суток. Указанный срок не включает день взятия биоматериала,https://helix.ru/catalog/item/10-070,2026-08-02T07:17:09.253Z
Helix,Екатеринбург,Все анализы,analysis,12-005,"Цитологическое исследование материала, полученного при оперативном вмешательстве",930,,До 3 суток. Указанный срок не включает день взятия биоматериала,https://helix.ru/catalog/item/12-005,2026-08-02T07:17:09.253Z
Helix,Екатеринбург,Все анализы,analysis,10-076,Посев на грибы (Candida spp.) с определением чувствительности к антимикотикам и подбором минимальной подавляющей концентрации препарата,1260,,До 5 суток. Указанный срок не включает день взятия биоматериала,https://helix.ru/catalog/item/10-076,2026-08-02T07:17:09.253Z
Helix,Екатеринбург,Все анализы,analysis,10-068,Определение токсинов A и B клостридий (Clostridium difficile),2340,,До 4 суток. Указанный срок не включает день взятия биоматериала,https://helix.ru/catalog/item/10-068,2026-08-02T07:17:09.253Z
Helix,Екатеринбург,Все анализы,analysis,12-012,"Цитологическое исследование материала, полученного при эндоскопии (ФГДС, бронхоскопия, ларингоскопия, цистоскопия, ректороманоскопия, колоноскопия)",770,,До 3 суток. Указанный срок не включает день взятия биоматериала,https://helix.ru/catalog/item/12-012,2026-08-02T07:17:09.253Z
Helix,Екатеринбург,Все анализы,analysis,12-006,"Цитологическое исследование пунктатов, соскобов других органов и тканей",820,,До 3 суток. Указанный срок не включает день взятия биоматериала,https://helix.ru/catalog/item/12-006,2026-08-02T07:17:09.253Z
Helix,Екатеринбург,Все анализы,complex,12-024,"Иммуногистохимическая диагностика рецепторного статуса рака молочной железы (PR, ER, Ki-67, Her2 neu)",13000,,До 9 суток,https://helix.ru/catalog/item/12-024,2026-08-02T07:17:09.253Z
Helix,Екатеринбург,Все анализы,complex,12-031,"Гистологическое исследование гинекологического материала (биопсия шейки матки, влагалища, вульвы (слизистая), пайпель-биопсия эндометрия, соскобы полости матки, соскобы цервикального канала, образования (полипы)",3080,,До 5 суток,https://helix.ru/catalog/item/12-031,2026-08-02T07:17:09.253Z
Helix,Екатеринбург,Все анализы,complex,12-018,Гистологическое исследование стандартной многофокусной биопсии предстательной железы (12–16 зон),6615,,До 5 суток,https://helix.ru/catalog/item/12-018,2026-08-02T07:17:09.253Z
Helix,Екатеринбург,Все анализы,analysis,12-014,Цитологическое исследование мазка (соскоба) с купола влагалища (при отсутствии шейки матки),695,,До 3 суток. Указанный срок не включает день взятия биоматериала,https://helix.ru/catalog/item/12-014,2026-08-02T07:17:09.253Z
Helix,Екатеринбург,Все анализы,complex,12-030,Гистологическое исследование материала яичек на определение мужского фактора бесплодия (фиксирующий раствор – жидкость Буэна),2795,,До 5 суток,https://helix.ru/catalog/item/12-030,2026-08-02T07:17:09.253Z
Helix,Екатеринбург,Все анализы,complex,12-017,Гистологическое исследование нефробиоптата (включая EM-исследования),42580,,До 12 суток,https://helix.ru/catalog/item/12-017,2026-08-02T07:17:09.253Z
Helix,Екатеринбург,Все анализы,complex,12-011,Цитологическое исследование мочи,755,,До 3 суток. Указанный срок не включает день взятия биоматериала,https://helix.ru/catalog/item/12-011,2026-08-02T07:17:09.253Z
Helix,Екатеринбург,Все анализы,complex,12-037,Иммуноцитохимическое исследование соскобов шейки матки с определением белка р16,6025,,До 5 суток,https://helix.ru/catalog/item/12-037,2026-08-02T07:17:09.253Z
Helix,Екатеринбург,Все анализы,complex,12-032,"Гистологическое исследование эндоскопического материала (бронх, гортань, трахея, пищевод, желудок, кишка, за исключением многофокусных биопсий ЖКТ при воспалительных заболеваниях)",2920,,До 5 суток,https://helix.ru/catalog/item/12-032,2026-08-02T07:17:09.253Z
Helix,Екатеринбург,Все анализы,complex,12-027,Иммуногистохимическое исследование клинического материала (с использованием 1 антитела),3475,,До 7 суток,https://helix.ru/catalog/item/12-027,2026-08-02T07:17:09.253Z
Helix,Екатеринбург,Все анализы,complex,12-039,"Гистологическое исследование эндоскопического материала ЖКТ при воспалительных заболеваниях (желудок - многофокусная биопсия, все полученные образцы с оценкой гастрита по классификации OLGA)",7955,,До 5 суток,https://helix.ru/catalog/item/12-039,2026-08-02T07:17:09.253Z
Helix,Екатеринбург,Все анализы,analysis,12-047,Цитологическое исследование выделений из молочной железы,810,,До 3 суток. Указанный срок не включает день взятия биоматериала,https://helix.ru/catalog/item/12-047,2026-08-02T07:17:09.253Z
Helix,Екатеринбург,Все анализы,analysis,12-044,Цитологическое исследование отпечатков с внутриматочной спирали,860,,До 3 суток. Указанный срок не включает день взятия биоматериала,https://helix.ru/catalog/item/12-044,2026-08-02T07:17:09.253Z
Helix,Екатеринбург,Все анализы,complex,12-052,FISH-исследование для дифференциальной диагностики,36385,,До 12 суток,https://helix.ru/catalog/item/12-052,2026-08-02T07:17:09.253Z
Helix,Екатеринбург,Все анализы,complex,12-053,Определение HER2 статуса опухоли методом FISH,36385,,До 12 суток,https://helix.ru/catalog/item/12-053,2026-08-02T07:17:09.253Z
Helix,Екатеринбург,Все анализы,complex,12-048,Цитологическое исследование мазков (соскобов) с поверхности шейки матки (наружного маточного зева) и цервикального канала - окрашивание по Папаниколау (Рар-тест) (смешанный мазок),1290,,До 3 суток,https://helix.ru/catalog/item/12-048,2026-08-02T07:17:09.253Z
Helix,Екатеринбург,Все анализы,analysis,12-045,Цитологическое исследование пунктатов молочной железы,815,,До 3 суток. Указанный срок не включает день взятия биоматериала,https://helix.ru/catalog/item/12-045,2026-08-02T07:17:09.253Z
Helix,Екатеринбург,Все анализы,analysis,12-046,Цитологическое исследование соскобов молочной железы,790,,До 3 суток. Указанный срок не включает день взятия биоматериала,https://helix.ru/catalog/item/12-046,2026-08-02T07:17:09.253Z
Helix,Екатеринбург,Все анализы,complex,12-050,Цитологическое исследование мазков (соскобов) с поверхности шейки матки (наружного маточного зева) и цервикального канала - окрашивание по Папаниколау (Рар-тест),1340,,До 3 суток,https://helix.ru/catalog/item/12-050,2026-08-02T07:17:09.253Z
Helix,Екатеринбург,Все анализы,analysis,12-043,Цитологическое исследование аспирата из полости матки,700,,До 3 суток. Указанный срок не включает день взятия биоматериала,https://helix.ru/catalog/item/12-043,2026-08-02T07:17:09.253Z
Helix,Екатеринбург,Все анализы,complex,12-051,Жидкостная цитология. Исследование соскоба шейки матки и цервикального канала (окрашивание по Папаниколау),1335,,До 3 суток. Указанный срок не включает день взятия биоматериала,https://helix.ru/catalog/item/12-051,2026-08-02T07:17:09.253Z
Helix,Екатеринбург,Все анализы,complex,12-054,Определение HER2 статуса опухоли методом СISH,36400,,До 12 суток,https://helix.ru/catalog/item/12-054,2026-08-02T07:17:09.253Z
Helix,Екатеринбург,Все анализы,complex,12-058,Фотосканирование (изготовление цифровой копии препарата высокого разрешения),3440,,До 5 суток,https://helix.ru/catalog/item/12-058,2026-08-02T07:17:09.253Z
Helix,Екатеринбург,Все анализы,complex,12-064,"Гистологическое исследование биопсийного (операционного) материала 4 группы (центральная нервная система, костный мозг и материал костной ткани)",5705,,До 5 суток,https://helix.ru/catalog/item/12-064,2026-08-02T07:17:09.253Z
Helix,Екатеринбург,Все анализы,complex,12-057,Фотофиксация (иллюстрация заключения изображением гистологического препарата),3455,,До 5 суток,https://helix.ru/catalog/item/12-057,2026-08-02T07:17:09.253Z
Helix,Екатеринбург,Все анализы,analysis,12-065,"Консультация биопсийного (операционного) материала любой группы сложности (по готовому материалу, 1 стекло)",3130,,До 5 суток,https://helix.ru/catalog/item/12-065,2026-08-02T07:17:09.253Z
Helix,Екатеринбург,Все анализы,complex,12-063,"Гистологическое исследование биопсийного (операционного) материала 3 группы (предстательная железа (ТУР и эктомия), легкое, желудок, матка (экстирпация матки с придатками), кишечник, почка, молочная железа и другие органы и органокомлексы при радикальных операциях)",5705,,До 5 суток,https://helix.ru/catalog/item/12-063,2026-08-02T07:17:09.253Z
Helix,Екатеринбург,Все анализы,complex,12-061,"Гистологическое исследование биопсийного (операционного) материала 1 группы (кожные и подкожные образования (1 локализация), мышечная ткань, придаточные пазухи носа, миндалины (при тонзиллитах), аденоиды, эпулиды, грыжевые мешки, желчный пузырь, стенки раневого канала, ткань свищевого хода и грануляции, аневризма сосуда, варикозно-расширенные вены, геморроидальные узлы, кисты яичника, анальная трещина, аппендикс)",2920,,До 4 суток,https://helix.ru/catalog/item/12-061,2026-08-02T07:17:09.253Z
Helix,Екатеринбург,Все анализы,complex,12-059,Дополнительное изготовление микропрепаратов (1 стекло),2890,,До 5 суток,https://helix.ru/catalog/item/12-059,2026-08-02T07:17:09.253Z
Helix,Екатеринбург,Все анализы,complex,12-062,"Гистологическое исследование биопсийного (операционного) материала 2 группы (придатки матки, молочная железа при секторальной резекции, доли щитовидной железы, узлы миомы матки, лимфоузлы, сальники)",3160,,До 5 суток,https://helix.ru/catalog/item/12-062,2026-08-02T07:17:09.253Z
Helix,Екатеринбург,Все анализы,complex,12-056,Определение мутаций гена N-RAS,16560,,До 12 суток,https://helix.ru/catalog/item/12-056,2026-08-02T07:17:09.253Z
Helix,Екатеринбург,Все анализы,complex,12-055,Определение мутаций гена K-RAS,16560,,До 12 суток,https://helix.ru/catalog/item/12-055,2026-08-02T07:17:09.253Z
Helix,Екатеринбург,Все анализы,complex,12-066,Определение мутации гена BRAF в тканях опухолей,17400,,До 12 суток,https://helix.ru/catalog/item/12-066,2026-08-02T07:17:09.253Z
Helix,Екатеринбург,Все анализы,analysis,12-060,Гистологическое исследование эндоскопического материала с выявлением хеликобактера пилори (Helicobacter pylori),2795,,До 5 суток,https://helix.ru/catalog/item/12-060,2026-08-02T07:17:09.253Z
Helix,Екатеринбург,Все анализы,analysis,12-108,Иммуногистохимическая диагностика хронического эндометрита (фаза пролиферации),14015,,До 7 суток,https://helix.ru/catalog/item/12-108,2026-08-02T07:17:09.253Z
Helix,Екатеринбург,Все анализы,complex,12-111,Иммуногистохимическое исследование клинического материала (с использованием 2 антител),9705,,До 7 суток,https://helix.ru/catalog/item/12-111,2026-08-02T07:17:09.253Z
Helix,Екатеринбург,Все анализы,analysis,12-107,"Иммуногистохимическая диагностика опухоли предстательной железы (Ck5, P63, AMACR)",14555,,До 7 суток,https://helix.ru/catalog/item/12-107,2026-08-02T07:17:09.253Z
Helix,Екатеринбург,Все анализы,analysis,12-109,Иммуногистохимическая диагностика рецепторного статуса эндометрия (стадия секреции) - стандартное,14910,,До 7 суток,https://helix.ru/catalog/item/12-109,2026-08-02T07:17:09.253Z
Helix,Екатеринбург,Все анализы,complex,12-113,Иммуногистохимическое исследование клинического материала (с использованием 4 антител),19420,,До 7 суток,https://helix.ru/catalog/item/12-113,2026-08-02T07:17:09.253Z
Helix,Екатеринбург,Все анализы,analysis,12-110,Иммуногистохимическая диагностика рецепторного статуса эндометрия (стадия секреции) - расширенное,17940,,До 7 суток,https://helix.ru/catalog/item/12-110,2026-08-02T07:17:09.253Z
Helix,Екатеринбург,Все анализы,analysis,12-106,Определение прогностического маркера (1 антитело),12145,,До 7 суток,https://helix.ru/catalog/item/12-106,2026-08-02T07:17:09.253Z
Helix,Екатеринбург,Все анализы,complex,12-071,"Гистологическое исследование пункционного материала (печень, почка, молочная железа, щитовидная железа и другие органы и ткани (за исключением материала многофокусной пункционной биопсии предстательной железы)",3160,,До 4 суток,https://helix.ru/catalog/item/12-071,2026-08-02T07:17:09.253Z
Helix,Екатеринбург,Все анализы,complex,12-112,Иммуногистохимическое исследование клинического материала (с использованием 3 антител),14570,,До 7 суток. Указанный срок не включает день взятия биоматериала,https://helix.ru/catalog/item/12-112,2026-08-02T07:17:09.253Z
Helix,Екатеринбург,Все анализы,complex,12-069,Определение перестройки гена ALK при раке легкого методом ИГХ,18195,,До 12 суток,https://helix.ru/catalog/item/12-069,2026-08-02T07:17:09.253Z
Helix,Екатеринбург,Все анализы,complex,12-070,Иммуноцитохимическое исследование соскобов шейки матки с определением белка р16 и Ki-67,12780,,До 12 суток,https://helix.ru/catalog/item/12-070,2026-08-02T07:17:09.253Z
Helix,Екатеринбург,Все анализы,complex,12-067,Определение мутации гена EGFR в тканях опухолей,23780,,До 12 суток,https://helix.ru/catalog/item/12-067,2026-08-02T07:17:09.253Z
Helix,Екатеринбург,Все анализы,complex,12-119,Иммуногистохимическое исследование клинического материала (с использованием 10 антител),48530,,До 7 суток,https://helix.ru/catalog/item/12-119,2026-08-02T07:17:09.253Z
Helix,Екатеринбург,Все анализы,complex,12-117,Иммуногистохимическое исследование клинического материала (с использованием 8 антител),38825,,До 7 суток,https://helix.ru/catalog/item/12-117,2026-08-02T07:17:09.253Z
Helix,Екатеринбург,Все анализы,complex,12-118,Иммуногистохимическое исследование клинического материала (с использованием 9 антител),43675,,До 7 суток,https://helix.ru/catalog/item/12-118,2026-08-02T07:17:09.253Z
Helix,Екатеринбург,Все анализы,complex,12-116,Иммуногистохимическое исследование клинического материала (с использованием 7 антител),33975,,До 7 суток,https://helix.ru/catalog/item/12-116,2026-08-02T07:17:09.253Z
Helix,Екатеринбург,Все анализы,complex,12-115,Иммуногистохимическое исследование клинического материала (с использованием 6 антител),29125,,До 7 суток,https://helix.ru/catalog/item/12-115,2026-08-02T07:17:09.253Z
Helix,Екатеринбург,Все анализы,complex,12-114,Иммуногистохимическое исследование клинического материала (с использованием 5 антител),24275,,До 7 суток,https://helix.ru/catalog/item/12-114,2026-08-02T07:17:09.253Z
Helix,Екатеринбург,Все анализы,complex,12-125,Ki-маркер пролиферативной активности,10185,,До 9 суток,https://helix.ru/catalog/item/12-125,2026-08-02T07:17:09.253Z
Helix,Екатеринбург,Все анализы,analysis,12-120,Гисто-FISH-анализ всех специфических аберраций на парафиновых срезах,13570,,До 14 суток. Указанный срок не включает день взятия биоматериала,https://helix.ru/catalog/item/12-120,2026-08-02T07:17:09.253Z
Helix,Екатеринбург,Все анализы,analysis,12-121,Гисто-FISH-анализ перестроек гена BCL-6 на парафиновых срезах,13570,,До 14 суток. Указанный срок не включает день взятия биоматериала,https://helix.ru/catalog/item/12-121,2026-08-02T07:17:09.253Z
Helix,Екатеринбург,Все анализы,analysis,12-122,Гисто-FISH-анализ транслокации t(2;5)(p23;q35) на парафиновых срезах,13570,,До 20 суток. Указанный срок не включает день взятия биоматериала,https://helix.ru/catalog/item/12-122,2026-08-02T07:17:09.253Z
Helix,Екатеринбург,Все анализы,analysis,12-123,Гисто-FISH-анализ t(11;14)(q13;q32) на парафиновых срезах,13570,,До 11 суток. Указанный срок не включает день взятия биоматериала,https://helix.ru/catalog/item/12-123,2026-08-02T07:17:09.253Z
Helix,Екатеринбург,Все анализы,analysis,12-124,Гисто-FISH-анализ перестроек BCL2 гена на парафиновых срезах,13570,,До 20 суток. Указанный срок не включает день взятия биоматериала,https://helix.ru/catalog/item/12-124,2026-08-02T07:17:09.253Z
Helix,Екатеринбург,Все анализы,complex,12-127,Иммуноцитохимическое исследование материала (2 маркера) (кроме PTEN),10670,,До 9 суток,https://helix.ru/catalog/item/12-127,2026-08-02T07:17:09.253Z
Helix,Екатеринбург,Все анализы,complex,12-130,Иммуноцитохимическое исследование материала (5 маркеров) (кроме PTEN),18435,,До 9 суток,https://helix.ru/catalog/item/12-130,2026-08-02T07:17:09.253Z
Helix,Екатеринбург,Все анализы,complex,12-126,Иммуноцитохимическое исследование материала (1 маркер) (кроме PTEN),8975,,До 13 суток,https://helix.ru/catalog/item/12-126,2026-08-02T07:17:09.253Z
Helix,Екатеринбург,Все анализы,complex,12-128,Иммуноцитохимическое исследование материала (3 маркера) (кроме PTEN),13095,,До 9 суток,https://helix.ru/catalog/item/12-128,2026-08-02T07:17:09.253Z
Helix,Екатеринбург,Все анализы,complex,12-129,Иммуноцитохимическое исследование материала (4 маркера) (кроме PTEN),14795,,До 9 суток,https://helix.ru/catalog/item/12-129,2026-08-02T07:17:09.253Z
Helix,Екатеринбург,Все анализы,complex,12-131,Иммуноцитохимическое исследование материала (6 и более маркеров) (кроме PTEN),20860,,До 9 суток,https://helix.ru/catalog/item/12-131,2026-08-02T07:17:09.253Z
Helix,Екатеринбург,Все анализы,complex,12-132,Определение неопластических изменений эндометрия (PTEN),10670,,До 9 суток,https://helix.ru/catalog/item/12-132,2026-08-02T07:17:09.253Z
Helix,Екатеринбург,Все анализы,complex,12-133,"Диагностика хронического эндометрита: CD20+, CD56+, CD138+, DP-DQ&DR",14795,,До 21 суток. Указанный срок не включает день взятия биоматериала,https://helix.ru/catalog/item/12-133,2026-08-02T07:17:09.253Z
Helix,Екатеринбург,Все анализы,complex,12-135,"Исследование рецептивности эндометрия: рецепторы к эстрогенам, рецепторы к прогестеронам (в строме и железах эндометрия), Ki-67 (индекс пролиферативной активности) (кроме PTEN)",18675,,До 13 суток,https://helix.ru/catalog/item/12-135,2026-08-02T07:17:09.253Z
Helix,Екатеринбург,Все анализы,complex,12-134,"Определение предиктора изменений эндометрия (PTEN, Ki-67)",15520,,До 9 суток,https://helix.ru/catalog/item/12-134,2026-08-02T07:17:09.253Z
Helix,Екатеринбург,Все анализы,complex,12-136,Исследование аутоиммунного характера эндометрита: DP-DQ&DR,8975,,До 9 суток,https://helix.ru/catalog/item/12-136,2026-08-02T07:17:09.253Z
Helix,Екатеринбург,Все анализы,complex,12-137,"Определение риска возникновения и неблагоприятного течения заболевания уротелиального рака мочевого пузыря, определение онкопротеина p16ink4a в осадке мочи",8915,,До 9 суток,https://helix.ru/catalog/item/12-137,2026-08-02T07:17:09.253Z
Helix,Екатеринбург,Все анализы,complex,12-143,Дополнительное гистохимическое окрашивание,810,,До 4 суток,https://helix.ru/catalog/item/12-143,2026-08-02T07:17:09.253Z
Helix,Екатеринбург,Все анализы,complex,12-144,"Жидкостная цитология. Исследование пунктатов молочной железы, технология BD SurePath",1750,,До 7 суток. Указанный срок не включает день взятия биоматериала,https://helix.ru/catalog/item/12-144,2026-08-02T07:17:09.253Z
Helix,Екатеринбург,Все анализы,complex,12-142,"Жидкостная цитология. Исследование пунктатов щитовидной железы, технология BD SurePath",1745,,До 7 суток. Указанный срок не включает день взятия биоматериала,https://helix.ru/catalog/item/12-142,2026-08-02T07:17:09.253Z
Helix,Екатеринбург,Все анализы,complex,12-146,"Гибридизация In Situ (FISH, CISH, SISH) - с применением 1 зонда",30335,,До 12 суток,https://helix.ru/catalog/item/12-146,2026-08-02T07:17:09.253Z
Helix,Екатеринбург,Все анализы,complex,12-148,Определение перестройки гена ROS1 в ткани опухоли методом ИГХ,15785,,До 7 суток,https://helix.ru/catalog/item/12-148,2026-08-02T07:17:09.253Z
Helix,Екатеринбург,Все анализы,complex,12-141,Определение рецептора PD-L1 в ткани опухоли методом ИГХ,18195,,До 7 суток,https://helix.ru/catalog/item/12-141,2026-08-02T07:17:09.253Z
Helix,Екатеринбург,Все анализы,complex,12-145,Определение мутаций в гене C-KIT,25470,,До 12 суток,https://helix.ru/catalog/item/12-145,2026-08-02T07:17:09.253Z
Helix,Екатеринбург,Все анализы,complex,12-147,Определение микросателлитной нестабильности MMR (MSI),30360,,До 12 суток,https://helix.ru/catalog/item/12-147,2026-08-02T07:17:09.253Z
Helix,Екатеринбург,Все анализы,complex,12-140,Определение онкопротеина р16ink4a,10185,,До 9 суток,https://helix.ru/catalog/item/12-140,2026-08-02T07:17:09.253Z
Helix,Екатеринбург,Все анализы,analysis,12-287,Молекулярно-генетическое исследование копийности гена ERBB2 (статуст HER2/neu) в тканевом материале,8020,,До 11 суток. Указанный срок не включает день взятия биоматериала,https://helix.ru/catalog/item/12-287,2026-08-02T07:17:09.253Z
Helix,Екатеринбург,Все анализы,analysis,12-288,"Молекулярно-генетическое исследование транслокаций EML4-ALK, ROS1 и мутаций в гене MET при раке легкого",12525,,До 12 суток. Указанный срок не включает день взятия биоматериала,https://helix.ru/catalog/item/12-288,2026-08-02T07:17:09.253Z
Helix,Екатеринбург,Все анализы,analysis,12-289,Молекулярно-генетическое исследование транслокаций гена ALK (немелкоклеточный рак легкого),8400,,До 11 суток. Указанный срок не включает день взятия биоматериала,https://helix.ru/catalog/item/12-289,2026-08-02T07:17:09.253Z
Helix,Екатеринбург,Все анализы,analysis,12-290,Молекулярно-генетическое исследование транслокаций гена ROS1 (немелкоклеточный рак легкого),8400,,До 11 суток. Указанный срок не включает день взятия биоматериала,https://helix.ru/catalog/item/12-290,2026-08-02T07:17:09.253Z
Helix,Екатеринбург,Все анализы,analysis,12-297,Выявление мутаций гена EGFR в тканях опухолей,7245,,До 11 суток. Указанный срок не включает день взятия биоматериала,https://helix.ru/catalog/item/12-297,2026-08-02T07:17:09.253Z
Helix,Екатеринбург,Все анализы,analysis,12-293,Молекулярно-генетическое исследование мутаций в гене IDH2 в биопсийном (операционном) материале,12600,,До 12 суток. Указанный срок не включает день взятия биоматериала,https://helix.ru/catalog/item/12-293,2026-08-02T07:17:09.253Z
Helix,Екатеринбург,Все анализы,analysis,12-294,Определение метилирования гена MGMT в биопсийном (операционном) материале,12600,,До 12 суток. Указанный срок не включает день взятия биоматериала,https://helix.ru/catalog/item/12-294,2026-08-02T07:17:09.253Z
Helix,Екатеринбург,Все анализы,analysis,12-296,Выявление мутаций гена NRAS в тканях опухолей,7245,,До 11 суток. Указанный срок не включает день взятия биоматериала,https://helix.ru/catalog/item/12-296,2026-08-02T07:17:09.253Z
Helix,Екатеринбург,Все анализы,analysis,12-299,Выявление мутаций гена c-KIT в тканях опухолей,9925,,До 11 суток. Указанный срок не включает день взятия биоматериала,https://helix.ru/catalog/item/12-299,2026-08-02T07:17:09.253Z
Helix,Екатеринбург,Все анализы,analysis,12-291,Молекулярно-генетическое исследование транслокации 1p/19q в биопсийном (операционном) материале,10770,,До 12 суток. Указанный срок не включает день взятия биоматериала,https://helix.ru/catalog/item/12-291,2026-08-02T07:17:09.253Z
Helix,Екатеринбург,Все анализы,analysis,12-292,Молекулярно-генетическое исследование мутаций в гене IDH1 в биопсийном (операционном) материале,12600,,До 12 суток. Указанный срок не включает день взятия биоматериала,https://helix.ru/catalog/item/12-292,2026-08-02T07:17:09.253Z
Helix,Екатеринбург,Все анализы,analysis,12-295,Выявление мутаций гена KRAS в тканях опухолей,7245,,До 11 суток. Указанный срок не включает день взятия биоматериала,https://helix.ru/catalog/item/12-295,2026-08-02T07:17:09.253Z
Helix,Екатеринбург,Все анализы,analysis,12-298,Выявление мутаций гена BRAF в тканях опухолей,7350,,До 11 суток. Указанный срок не включает день взятия биоматериала,https://helix.ru/catalog/item/12-298,2026-08-02T07:17:09.253Z
Helix,Екатеринбург,Все анализы,analysis,12-300,Выявление мутаций гена PDGFRa в тканях опухолей,8925,,До 11 суток. Указанный срок не включает день взятия биоматериала,https://helix.ru/catalog/item/12-300,2026-08-02T07:17:09.253Z
Helix,Екатеринбург,Все анализы,analysis,12-301,Выявление мутаций гена MET в тканях опухолей,8020,,До 11 суток. Указанный срок не включает день взятия биоматериала,https://helix.ru/catalog/item/12-301,2026-08-02T07:17:09.253Z
Helix,Екатеринбург,Все анализы,analysis,13-003,Антитела к спермальным антигенам (в крови),1135,,До 10 суток. Указанный срок не включает день взятия биоматериала,https://helix.ru/catalog/item/13-003,2026-08-02T07:17:09.253Z
Helix,Екатеринбург,Все анализы,analysis,13-002,"Аллоиммунные антиэритроцитарные антитела (в том числе антирезусные), титр (непрямая проба Кумбса)",1320,,До 00:00 следующего дня,https://helix.ru/catalog/item/13-002,2026-08-02T07:17:09.253Z
Helix,Екатеринбург,Все анализы,analysis,13-010,Антитела к рецепторам ТТГ (анти-pTTГ),1760,,До 2 суток. Указанный срок не включает день взятия биоматериала,https://helix.ru/catalog/item/13-010,2026-08-02T07:17:09.253Z
Helix,Екатеринбург,Все анализы,analysis,13-004,Антитела к спермальным антигенам (в сперме),1400,,До 10 суток. Указанный срок не включает день взятия биоматериала,https://helix.ru/catalog/item/13-004,2026-08-02T07:17:09.253Z
Helix,Екатеринбург,Все анализы,analysis,13-007,"Антитела к двухцепочечной ДНК (анти-dsDNA), IgG",1345,,До 9 суток. Указанный срок не включает день взятия биоматериала,https://helix.ru/catalog/item/13-007,2026-08-02T07:17:09.253Z
Helix,Екатеринбург,Все анализы,analysis,13-008,"Антитела к инсулину, IgG",1050,,До 6 суток. Указанный срок не включает день взятия биоматериала,https://helix.ru/catalog/item/13-008,2026-08-02T07:17:09.253Z
Helix,Екатеринбург,Все анализы,analysis,12-303,Выявление мутаций гена POLE в тканях опухолей,8285,,До 11 суток. Указанный срок не включает день взятия биоматериала,https://helix.ru/catalog/item/12-303,2026-08-02T07:17:09.253Z
Helix,Екатеринбург,Все анализы,analysis,12-305,Оценка уровня экспрессии PDL1,7770,,До 11 суток. Указанный срок не включает день взятия биоматериала,https://helix.ru/catalog/item/12-305,2026-08-02T07:17:09.253Z
Helix,Екатеринбург,Все анализы,analysis,12-302,Выявление мутаций гена PIK3CA в тканях опухолей,12600,,До 12 суток. Указанный срок не включает день взятия биоматериала,https://helix.ru/catalog/item/12-302,2026-08-02T07:17:09.253Z
Helix,Екатеринбург,Все анализы,analysis,12-304,Выявление мутаций гена TERT в тканях опухолей,8285,,До 14 суток. Указанный срок не включает день взятия биоматериала,https://helix.ru/catalog/item/12-304,2026-08-02T07:17:09.253Z
Helix,Екатеринбург,Все анализы,analysis,12-306,Генотипирование микросателлитной нестабильности в биопсийном материала (MSI),4735,,До 11 суток. Указанный срок не включает день взятия биоматериала,https://helix.ru/catalog/item/12-306,2026-08-02T07:17:09.253Z
Helix,Екатеринбург,Все анализы,analysis,13-001,Антитела к овариальным (текальным) антигенам,2530,,До 8 суток. Указанный срок не включает день взятия биоматериала,https://helix.ru/catalog/item/13-001,2026-08-02T07:17:09.253Z
Helix,Екатеринбург,Все анализы,analysis,13-020,Ревматоидный фактор,475,,До 2 суток. Указанный срок не включает день взятия биоматериала,https://helix.ru/catalog/item/13-020,2026-08-02T07:17:09.253Z
Helix,Екатеринбург,Все анализы,analysis,13-017,"Антитела к глиадину, IgA",1005,,До 10 суток. Указанный срок не включает день взятия биоматериала,https://helix.ru/catalog/item/13-017,2026-08-02T07:17:09.253Z
Helix,Екатеринбург,Все анализы,analysis,13-018,"Антитела к глиадину, IgG",1060,,До 10 суток. Указанный срок не включает день взятия биоматериала,https://helix.ru/catalog/item/13-018,2026-08-02T07:17:09.253Z
Helix,Екатеринбург,Все анализы,analysis,13-014,"Антитела к циклическому цитруллинсодержащему пептиду (АЦЦП), IgG",1620,,До 00:00 следующего дня. Указанный срок не включает день взятия биоматериала,https://helix.ru/catalog/item/13-014,2026-08-02T07:17:09.253Z
Helix,Екатеринбург,Все анализы,analysis,13-026,"Антитела к цитруллинированному виментину (анти-MCV), IgG",1665,,До 9 суток. Указанный срок не включает день взятия биоматериала,https://helix.ru/catalog/item/13-026,2026-08-02T07:17:09.253Z
Helix,Екатеринбург,Все анализы,analysis,13-024,Антитела к бета-2-гликопротеину,1125,,До 6 суток,https://helix.ru/catalog/item/13-024,2026-08-02T07:17:09.253Z
Helix,Екатеринбург,Все анализы,analysis,13-021,Антитела к митохондриям (AMA),1950,,До 8 суток. Указанный срок не включает день взятия биоматериала,https://helix.ru/catalog/item/13-021,2026-08-02T07:17:09.253Z
Helix,Екатеринбург,Все анализы,analysis,13-022,Антитела к микросомальной фракции печени и почек (anti-LKM),1625,,До 8 суток. Указанный срок не включает день взятия биоматериала,https://helix.ru/catalog/item/13-022,2026-08-02T07:17:09.253Z
Helix,Екатеринбург,Все анализы,analysis,13-013,"Антифосфолипидные антитела, IgM",1090,,До 10 суток,https://helix.ru/catalog/item/13-013,2026-08-02T07:17:09.253Z
Helix,Екатеринбург,Все анализы,analysis,13-016,"Антитела к островковым клеткам поджелудочной железы, IgG",2060,,До 8 суток. Указанный срок не включает день взятия биоматериала,https://helix.ru/catalog/item/13-016,2026-08-02T07:17:09.253Z
Helix,Екатеринбург,Все анализы,analysis,13-019,"Антифосфолипидные антитела, IgG",995,,До 10 суток,https://helix.ru/catalog/item/13-019,2026-08-02T07:17:09.253Z
Helix,Екатеринбург,Все анализы,analysis,13-025,"Антикератиновые антитела (АКА), IgG",2340,,До 9 суток,https://helix.ru/catalog/item/13-025,2026-08-02T07:17:09.253Z
Helix,Екатеринбург,Все анализы,analysis,13-033,"Антитела к тканевой трансглутаминазе, IgG",1445,,До 9 суток. Указанный срок не включает день взятия биоматериала,https://helix.ru/catalog/item/13-033,2026-08-02T07:17:09.253Z
Helix,Екатеринбург,Все анализы,analysis,13-034,"Антитела к тканевой трансглутаминазе, IgA",1455,,До 6 суток. Указанный срок не включает день взятия биоматериала,https://helix.ru/catalog/item/13-034,2026-08-02T07:17:09.253Z
Helix,Екатеринбург,Все анализы,analysis,13-027,"Антитела к базальной мембране клубочка, IgG",1705,,До 7 суток,https://helix.ru/catalog/item/13-027,2026-08-02T07:17:09.253Z
Helix,Екатеринбург,Все анализы,analysis,13-032,"Антитела к эндомизию, IgA",1625,,До 8 суток. Указанный срок не включает день взятия биоматериала,https://helix.ru/catalog/item/13-032,2026-08-02T07:17:09.253Z
Helix,Екатеринбург,Все анализы,analysis,13-035,"Антиретикулиновые антитела (APA), IgG и IgA",1540,,До 8 суток. Указанный срок не включает день взятия биоматериала,https://helix.ru/catalog/item/13-035,2026-08-02T07:17:09.253Z
Helix,Екатеринбург,Все анализы,analysis,13-036,"Антитела к десмосомам кожи, IgG",2505,,До 8 суток. Указанный срок не включает день взятия биоматериала,https://helix.ru/catalog/item/13-036,2026-08-02T07:17:09.253Z
Helix,Екатеринбург,Все анализы,analysis,13-037,"Антитела к эпидермальной базальной мембране, IgG",1905,,До 8 суток. Указанный срок не включает день взятия биоматериала,https://helix.ru/catalog/item/13-037,2026-08-02T07:17:09.253Z
Helix,Екатеринбург,Все анализы,analysis,13-031,Антитела к гладким мышцам,1610,,До 8 суток. Указанный срок не включает день взятия биоматериала,https://helix.ru/catalog/item/13-031,2026-08-02T07:17:09.253Z
Helix,Екатеринбург,Все анализы,analysis,13-038,"Антитела к миокарду, IgG",1540,,До 8 суток. Указанный срок не включает день взятия биоматериала,https://helix.ru/catalog/item/13-038,2026-08-02T07:17:09.253Z
Helix,Екатеринбург,Все анализы,analysis,13-039,"Антитела к скелетным мышцам, IgG",1630,,До 8 суток. Указанный срок не включает день взятия биоматериала,https://helix.ru/catalog/item/13-039,2026-08-02T07:17:09.253Z
Helix,Екатеринбург,Все анализы,analysis,13-029,"Антитела к клеткам сосудистого эндотелия (HUVEC), IgG",1900,,До 8 суток. Указанный срок не включает день взятия биоматериала,https://helix.ru/catalog/item/13-029,2026-08-02T07:17:09.253Z
Helix,Екатеринбург,Все анализы,analysis,13-030,Антитела к париетальным (обкладочным) клеткам желудка,1785,,До 8 суток. Указанный срок не включает день взятия биоматериала,https://helix.ru/catalog/item/13-030,2026-08-02T07:17:09.253Z
Helix,Екатеринбург,Все анализы,complex,13-047,"Антитела к кардиолипину, IgG и IgM",2415,,До 7 суток. Указанный срок не включает день взятия биоматериала,https://helix.ru/catalog/item/13-047,2026-08-02T07:17:09.253Z
Helix,Екатеринбург,Все анализы,complex,13-060,Диагностика системной красной волчанки,5000,,До 7 суток. Указанный срок не включает день взятия биоматериала,https://helix.ru/catalog/item/13-060,2026-08-02T07:17:09.253Z
Helix,Екатеринбург,Все анализы,analysis,13-058,Диагностика рассеянного склероза (изоэлектрофокусирование олигоклонального IgG в ликворе и сыворотке),5535,,До 9 суток. Указанный срок не включает день взятия биоматериала,https://helix.ru/catalog/item/13-058,2026-08-02T07:17:09.253Z
Helix,Екатеринбург,Все анализы,analysis,13-053,"Антитела к миелопероксидазе (anti-МРО, IgG)",1505,,До 8 суток. Указанный срок не включает день взятия биоматериала,https://helix.ru/catalog/item/13-053,2026-08-02T07:17:09.253Z
Helix,Екатеринбург,Все анализы,analysis,13-052,"Антитела к цитоплазме нейтрофилов, IgG (с определением типа свечения)",1595,,До 8 суток. Указанный срок не включает день взятия биоматериала,https://helix.ru/catalog/item/13-052,2026-08-02T07:17:09.253Z
Helix,Екатеринбург,Все анализы,analysis,13-041,Антитела к стероидпродуцирующим клеткам надпочечника,1365,,До 8 суток. Указанный срок не включает день взятия биоматериала,https://helix.ru/catalog/item/13-041,2026-08-02T07:17:09.253Z
Helix,Екатеринбург,Все анализы,analysis,13-045,"Антинуклеарный фактор на HEp-2-клетках, IgG",1420,,До 8 суток. Указанный срок не включает день взятия биоматериала,https://helix.ru/catalog/item/13-045,2026-08-02T07:17:09.253Z
Helix,Екатеринбург,Все анализы,analysis,13-050,Ангиотензинпревращающий фермент сыворотки,2680,,До 8 суток. Указанный срок не включает день взятия биоматериала,https://helix.ru/catalog/item/13-050,2026-08-02T07:17:09.253Z
Helix,Екатеринбург,Все анализы,analysis,13-040,"Диагностика воспалительных полирадикулоневритов (антитела к ганглиозидам асиало-GM1, GM1, GM2, GD1a, GD1b, GQ1a, GQ1b, GT1a классов IgG/IgM)",7780,,До 9 суток. Указанный срок не включает день взятия биоматериала,https://helix.ru/catalog/item/13-040,2026-08-02T07:17:09.253Z
Helix,Екатеринбург,Все анализы,analysis,13-043,Антитела к стероидпродуцирующим клеткам яичка,1965,,До 9 суток. Указанный срок не включает день взятия биоматериала,https://helix.ru/catalog/item/13-043,2026-08-02T07:17:09.253Z
Helix,Екатеринбург,Все анализы,analysis,13-054,"Антитела к протеиназе-3 (anti-PR-3, IgG)",1505,,До 8 суток. Указанный срок не включает день взятия биоматериала,https://helix.ru/catalog/item/13-054,2026-08-02T07:17:09.253Z
Helix,Екатеринбург,Все анализы,analysis,13-048,"Антиперинуклеарный фактор, IgG",1225,,До 9 суток,https://helix.ru/catalog/item/13-048,2026-08-02T07:17:09.253Z
Helix,Екатеринбург,Все анализы,complex,13-070,Целиакия. Скрининг (дети до 2 лет),4990,,До 6 суток. Указанный срок не включает день взятия биоматериала,https://helix.ru/catalog/item/13-070,2026-08-02T07:17:09.253Z
Helix,Екатеринбург,Все анализы,complex,13-061,Диагностика антифосфолипидного синдрома (АФС),3645,,До 7 суток. Указанный срок не включает день взятия биоматериала,https://helix.ru/catalog/item/13-061,2026-08-02T07:17:09.253Z
Helix,Екатеринбург,Все анализы,complex,13-062,Развернутая диагностика антифосфолипидного синдрома (АФС),4715,,До 7 суток. Указанный срок не включает день взятия биоматериала,https://helix.ru/catalog/item/13-062,2026-08-02T07:17:09.253Z
Helix,Екатеринбург,Все анализы,complex,13-065,Диагностика гранулематозных васкулитов,2870,,До 8 суток. Указанный срок не включает день взятия биоматериала,https://helix.ru/catalog/item/13-065,2026-08-02T07:17:09.253Z
Helix,Екатеринбург,Все анализы,complex,13-066,Диагностика аутоиммунного поражения почек,4485,,До 8 суток. Указанный срок не включает день взятия биоматериала,https://helix.ru/catalog/item/13-066,2026-08-02T07:17:09.253Z
Helix,Екатеринбург,Все анализы,complex,13-074,Диагностика пузырных дерматозов,4190,,До 8 суток. Указанный срок не включает день взятия биоматериала,https://helix.ru/catalog/item/13-074,2026-08-02T07:17:09.253Z
Helix,Екатеринбург,Все анализы,complex,13-067,Скрининг аутоиммунного поражения печени,7970,,До 8 суток. Указанный срок не включает день взятия биоматериала,https://helix.ru/catalog/item/13-067,2026-08-02T07:17:09.253Z
Helix,Екатеринбург,Все анализы,complex,13-069,Развернутая серология аутоиммунных заболеваний печени,11845,,До 9 суток. Указанный срок не включает день взятия биоматериала,https://helix.ru/catalog/item/13-069,2026-08-02T07:17:09.253Z
Helix,Екатеринбург,Все анализы,complex,13-075,Диагностика воспалительных миокардиопатий,3320,,До 8 суток. Указанный срок не включает день взятия биоматериала,https://helix.ru/catalog/item/13-075,2026-08-02T07:17:09.253Z
Helix,Екатеринбург,Все анализы,complex,13-064,Диагностика раннего ревматоидного артрита,7100,,До 9 суток,https://helix.ru/catalog/item/13-064,2026-08-02T07:17:09.253Z
Helix,Екатеринбург,Все анализы,complex,13-063,"Антинуклеарные антитела, IgG (анти-Sm, RNP/Sm, SS-A, SS-B, Scl-70, PM-Scl, PCNA, dsDNA, CENT-B, Jo-1, к гистонам, к нуклеосомам, Ribo P, AMA-M2), иммуноблот",4020,,До 9 суток. Указанный срок не включает день взятия биоматериала,https://helix.ru/catalog/item/13-063,2026-08-02T07:17:09.253Z
Helix,Екатеринбург,Все анализы,analysis,13-068,"Антитела к антигенам аутоиммунных заболеваний печени (растворимому антигену печени (SLA/LP), антитела к цитозольному антигену (LC-1),антитела к микросомам печени-почек 1 типа (LKM-1), антитела к митохондриям М2 (AMA-M2), пируват-декарбоксилазному комплексу митохондрий (PDC-M23E), антитела к антигену Sp100, антитела к антигенам PML и gp210), IgG (иммуноблот)",4085,,До 8 суток. Указанный срок не включает день взятия биоматериала,https://helix.ru/catalog/item/13-068,2026-08-02T07:17:09.253Z
Helix,Екатеринбург,Все анализы,complex,13-078,Целиакия. Скрининг (взрослые и дети старше 2 лет),1735,,До 6 суток. Указанный срок не включает день взятия биоматериала,https://helix.ru/catalog/item/13-078,2026-08-02T07:17:09.253Z
Helix,Екатеринбург,Все анализы,complex,13-079,Целиакия. Расширенное серологическое обследование,8255,,До 8 суток. Указанный срок не включает день взятия биоматериала,https://helix.ru/catalog/item/13-079,2026-08-02T07:17:09.253Z
Helix,Екатеринбург,Все анализы,complex,13-080,Совместное определение антикератиновых антител и антиперинуклеарного фактора,3395,,До 9 суток,https://helix.ru/catalog/item/13-080,2026-08-02T07:17:09.253Z
Helix,Екатеринбург,Все анализы,analysis,13-088,Антитела к тиреопероксидазе (антиТПО),585,,До 2 суток. Указанный срок не включает день взятия биоматериала,https://helix.ru/catalog/item/13-088,2026-08-02T07:17:09.253Z
Helix,Екатеринбург,Все анализы,analysis,13-087,Антитела к тиреоглобулину (антиТГ),645,,До 2 суток. Указанный срок не включает день взятия биоматериала,https://helix.ru/catalog/item/13-087,2026-08-02T07:17:09.253Z
Helix,Екатеринбург,Все анализы,analysis,13-090,"Антитела к одноцепочечной ДНК (anti-ssDNA, IgG)",1910,,До 12 суток. Указанный срок не включает день взятия биоматериала,https://helix.ru/catalog/item/13-090,2026-08-02T07:17:09.253Z
Helix,Екатеринбург,Все анализы,analysis,13-082,"Антитела к тромбоцитам, IgG",3375,,До 9 суток,https://helix.ru/catalog/item/13-082,2026-08-02T07:17:09.253Z
Helix,Екатеринбург,Все анализы,complex,13-077,"Иммуноблот при полимиозите (Мi2b, Ku, Pm-Scl100, PM-Scl75, Jo-1, SRP, PL-7, PL-12 EJ, OJ, Ro-52)",5850,,До 8 суток. Указанный срок не включает день взятия биоматериала,https://helix.ru/catalog/item/13-077,2026-08-02T07:17:09.253Z
Helix,Екатеринбург,Все анализы,complex,13-081,Панель антител цитоплазмы нейтрофилов (АНЦА),3980,,До 9 суток. Указанный срок не включает день взятия биоматериала,https://helix.ru/catalog/item/13-081,2026-08-02T07:17:09.253Z
Helix,Екатеринбург,Все анализы,complex,13-076,"Диагностика паранеопластических энцефалитов (антитела к антигенам белого и серого вещества мозга (Yo-1, Hu, Ri) и мембранному антигену (Ma)",6140,,До 8 суток. Указанный срок не включает день взятия биоматериала,https://helix.ru/catalog/item/13-076,2026-08-02T07:17:09.253Z
Helix,Екатеринбург,Все анализы,analysis,13-089,"Антитела к глутаматдекарбоксилазе (анти-GAD), IgG",2260,,До 9 суток. Указанный срок не включает день взятия биоматериала,https://helix.ru/catalog/item/13-089,2026-08-02T07:17:09.253Z
Helix,Екатеринбург,Все анализы,complex,13-091,"Развернутая диагностика склеродермии, IgG (иммуноблот антинуклеарных антител: анти-Scl-70, CENT-A, CENT-B, RP11, RP155, Fibrillarin, NOR90, Th/To, PM-Scl 100/75, Ku, PDGFR, Ro-52)",5085,,До 8 суток. Указанный срок не включает день взятия биоматериала,https://helix.ru/catalog/item/13-091,2026-08-02T07:17:09.253Z
Helix,Екатеринбург,Все анализы,analysis,13-094,Кальпротектин в кале,3335,,До 8 суток,https://helix.ru/catalog/item/13-094,2026-08-02T07:17:09.253Z
Helix,Екатеринбург,Все анализы,analysis,13-102,"Антитела к двуспиральной ДНК, IgG (высокоспецифичный метод)",1425,,До 9 суток. Указанный срок не включает день взятия биоматериала,https://helix.ru/catalog/item/13-102,2026-08-02T07:17:09.253Z
Helix,Екатеринбург,Все анализы,complex,13-099,Скрининг миеломной болезни и парапротеинемий (иммунофиксация сыворотки крови с пентавалентной сывороткой),2205,,До 8 суток. Указанный срок не включает день взятия биоматериала,https://helix.ru/catalog/item/13-099,2026-08-02T07:17:09.253Z
Helix,Екатеринбург,Все анализы,analysis,13-101,"Белок Бенс-Джонса в моче, количественно (иммунофиксация мочи)",4200,,До 9 суток. Указанный срок не включает день взятия биоматериала,https://helix.ru/catalog/item/13-101,2026-08-02T07:17:09.253Z
Helix,Екатеринбург,Все анализы,analysis,13-104,"Антитела к фосфатидилсерин-протромбиновому комплексу (PS-PT), суммарные",1535,,До 8 суток. Указанный срок не включает день взятия биоматериала,https://helix.ru/catalog/item/13-104,2026-08-02T07:17:09.253Z
Helix,Екатеринбург,Все анализы,analysis,13-106,"Диагностика мембранозной нефропатии (антитела к рецептору фосфолипазы А2, IgG)",3200,,До 9 суток. Указанный срок не включает день взятия биоматериала,https://helix.ru/catalog/item/13-106,2026-08-02T07:17:09.253Z
Helix,Екатеринбург,Все анализы,analysis,13-107,"Антитела к сахаромицетам (Sacchаromyces cerevisiae), (ASCA, IgG)",1345,,До 8 суток. Указанный срок не включает день взятия биоматериала,https://helix.ru/catalog/item/13-107,2026-08-02T07:17:09.253Z
Helix,Екатеринбург,Все анализы,analysis,13-092,Диагностика миастении (антитела к ацетилхолиновому рецептору (АхР)),6170,,До 9 суток. Указанный срок не включает день взятия биоматериала,https://helix.ru/catalog/item/13-092,2026-08-02T07:17:09.253Z
Helix,Екатеринбург,Все анализы,analysis,13-093,"Антитела к нуклеосомам, IgG",1405,,До 9 суток. Указанный срок не включает день взятия биоматериала,https://helix.ru/catalog/item/13-093,2026-08-02T07:17:09.253Z
Helix,Екатеринбург,Все анализы,analysis,13-096,Диагностика аутоиммунного панкреатита (определение концентрации антител класса IgG4),1955,,До 8 суток. Указанный срок не включает день взятия биоматериала,https://helix.ru/catalog/item/13-096,2026-08-02T07:17:09.253Z
Helix,Екатеринбург,Все анализы,analysis,13-097,"Антитела к асиалогликопротеиновому рецептору (ASGPR), IgG",1970,,До 9 суток. Указанный срок не включает день взятия биоматериала,https://helix.ru/catalog/item/13-097,2026-08-02T07:17:09.253Z
Helix,Екатеринбург,Все анализы,analysis,13-108,"Антитела к сахаромицетам (Sacchаromyces cerevisiae), (ASCA, IgA)",1320,,До 8 суток. Указанный срок не включает день взятия биоматериала,https://helix.ru/catalog/item/13-108,2026-08-02T07:17:09.253Z
Helix,Екатеринбург,Все анализы,analysis,13-120,"Антитела к аннексину V, IgM",1665,,До 8 суток. Указанный срок не включает день взятия биоматериала,https://helix.ru/catalog/item/13-120,2026-08-02T07:17:09.253Z
Helix,Екатеринбург,Все анализы,analysis,13-119,"Антитела к аннексину V, IgG",1665,,До 8 суток. Указанный срок не включает день взятия биоматериала,https://helix.ru/catalog/item/13-119,2026-08-02T07:17:09.253Z
Helix,Екатеринбург,Все анализы,analysis,13-112,"Антитела к десмоглеину-3, IgG",2595,,До 9 суток. Указанный срок не включает день взятия биоматериала,https://helix.ru/catalog/item/13-112,2026-08-02T07:17:09.253Z
Helix,Екатеринбург,Все анализы,analysis,13-116,"Антитела к антигенам клеток поджелудочной железы (GAD/IA-2), IgG",1850,,До 9 суток. Указанный срок не включает день взятия биоматериала,https://helix.ru/catalog/item/13-116,2026-08-02T07:17:09.253Z
Helix,Екатеринбург,Все анализы,analysis,13-109,"Антитела к цитоплазме нейтрофилов (АНЦА), IgA",1455,,До 8 суток. Указанный срок не включает день взятия биоматериала,https://helix.ru/catalog/item/13-109,2026-08-02T07:17:09.253Z
Helix,Екатеринбург,Все анализы,analysis,13-110,"Антитела к бокаловидным клеткам кишечника, IgG",1510,,До 8 суток. Указанный срок не включает день взятия биоматериала,https://helix.ru/catalog/item/13-110,2026-08-02T07:17:09.253Z
Helix,Екатеринбург,Все анализы,analysis,13-113,"Антитела к белку BP180, IgG",2510,,До 9 суток. Указанный срок не включает день взятия биоматериала,https://helix.ru/catalog/item/13-113,2026-08-02T07:17:09.253Z
Helix,Екатеринбург,Все анализы,analysis,13-114,"Антитела к белку BP230, IgG",2510,,До 9 суток. Указанный срок не включает день взятия биоматериала,https://helix.ru/catalog/item/13-114,2026-08-02T07:17:09.253Z
Helix,Екатеринбург,Все анализы,analysis,13-115,"Антитела к аквапорину 4 (NMO, IgG)",2990,,До 9 суток. Указанный срок не включает день взятия биоматериала,https://helix.ru/catalog/item/13-115,2026-08-02T07:17:09.253Z
Helix,Екатеринбург,Все анализы,analysis,13-118,"Антитела к антигенам миелина, IgG",1695,,До 9 суток. Указанный срок не включает день взятия биоматериала,https://helix.ru/catalog/item/13-118,2026-08-02T07:17:09.253Z
Helix,Екатеринбург,Все анализы,analysis,13-111,"Антитела к десмоглеину-1, IgG",2595,,До 9 суток. Указанный срок не включает день взятия биоматериала,https://helix.ru/catalog/item/13-111,2026-08-02T07:17:09.253Z
Helix,Екатеринбург,Все анализы,analysis,13-117,"Антитела к тирозинфосфатазе (IA-2, IgG)",1940,,До 9 суток. Указанный срок не включает день взятия биоматериала,https://helix.ru/catalog/item/13-117,2026-08-02T07:17:09.253Z
Helix,Екатеринбург,Все анализы,complex,13-121,Комбинированное обследование при воспалительных заболеваниях кишечника,6860,,До 8 суток. Указанный срок не включает день взятия биоматериала,https://helix.ru/catalog/item/13-121,2026-08-02T07:17:09.253Z
Helix,Екатеринбург,Все анализы,analysis,13-130,"Антитела к кардиолипину, IgG",1180,,До 9 суток. Указанный срок не включает день взятия биоматериала,https://helix.ru/catalog/item/13-130,2026-08-02T07:17:09.253Z
Helix,Екатеринбург,Все анализы,analysis,13-132,"Антитела к бета-2-гликопротеину, IgМ",1680,,До 7 суток. Указанный срок не включает день взятия биоматериала,https://helix.ru/catalog/item/13-132,2026-08-02T07:17:09.253Z
Helix,Екатеринбург,Все анализы,analysis,13-131,"Антитела к кардиолипину, IgМ",1365,,До 7 суток. Указанный срок не включает день взятия биоматериала,https://helix.ru/catalog/item/13-131,2026-08-02T07:17:09.253Z
Helix,Екатеринбург,Все анализы,analysis,13-124,"Типирование парапротеина в сыворотке крови (с помощью иммунофиксации с панелью антисывороток IgG, IgA, IgM, IgD, IgE, kappa, lambda)",5975,,До 9 суток. Указанный срок не включает день взятия биоматериала,https://helix.ru/catalog/item/13-124,2026-08-02T07:17:09.253Z
Helix,Екатеринбург,Все анализы,analysis,13-122,Скрининг белка Бенс-Джонса в моче (иммунофиксация с поливалентной антисывороткой),2405,,До 8 суток. Указанный срок не включает день взятия биоматериала,https://helix.ru/catalog/item/13-122,2026-08-02T07:17:09.253Z
Helix,Екатеринбург,Все анализы,analysis,13-128,"Диагностика аутоиммунного энцефалита (антитела к NMDA рецептору, IgG)",5260,,До 9 суток. Указанный срок не включает день взятия биоматериала,https://helix.ru/catalog/item/13-128,2026-08-02T07:17:09.253Z
Helix,Екатеринбург,Все анализы,analysis,13-129,Определение активности ингибитора С1 фактора комплемента (C1INH),2295,,До 9 суток. Указанный срок не включает день взятия биоматериала,https://helix.ru/catalog/item/13-129,2026-08-02T07:17:09.253Z
Helix,Екатеринбург,Все анализы,analysis,13-123,Электрофорез белков мочи с определением типа протеинурии,1905,,До 8 суток. Указанный срок не включает день взятия биоматериала,https://helix.ru/catalog/item/13-123,2026-08-02T07:17:09.253Z
Helix,Екатеринбург,Все анализы,analysis,13-125,"Фенотипирование альфа-1-антитрипсина с помощью изоэлектрофокусирования PIM, PiZ, PiS и другие аллельные формы (эмфизема, ХОБЛ)",3085,,До 12 суток. Указанный срок не включает день взятия биоматериала,https://helix.ru/catalog/item/13-125,2026-08-02T07:17:09.253Z
Helix,Екатеринбург,Все анализы,analysis,13-126,"Антитела к экзокринной части поджелудочной железы, IgG",1395,,До 8 суток. Указанный срок не включает день взятия биоматериала,https://helix.ru/catalog/item/13-126,2026-08-02T07:17:09.253Z
Helix,Екатеринбург,Все анализы,analysis,13-127,"Альфа-1-антитрипсин в кале, кишечная потеря белка",2050,,До 9 суток. Указанный срок не включает день взятия биоматериала,https://helix.ru/catalog/item/13-127,2026-08-02T07:17:09.253Z
Helix,Екатеринбург,Все анализы,analysis,13-144,"Антигрупповые антитела со стандартными эритроцитами (естественные анти-А, анти-В, иммунные неполные анти-А, анти-В)",1355,,До 7 суток. Указанный срок не включает день взятия биоматериала,https://helix.ru/catalog/item/13-144,2026-08-02T07:17:09.253Z
Helix,Екатеринбург,Все анализы,complex,13-150,ЭЛИ-Висцеро-Тест-24 (антитела к 24 антигенам основных органов и систем человека),12400,,До 10 суток. Указанный срок не включает день взятия биоматериала,https://helix.ru/catalog/item/13-150,2026-08-02T07:17:09.253Z
Helix,Екатеринбург,Все анализы,analysis,13-133,"Антитела к дезаминированным пептидам глиадина, IgA",1890,,До 6 суток. Указанный срок не включает день взятия биоматериала,https://helix.ru/catalog/item/13-133,2026-08-02T07:17:09.253Z
Helix,Екатеринбург,Все анализы,analysis,13-134,"Антитела к дезаминированным пептидам глиадина, IgG",1910,,До 5 суток. Указанный срок не включает день взятия биоматериала,https://helix.ru/catalog/item/13-134,2026-08-02T07:17:09.253Z
Helix,Екатеринбург,Все анализы,analysis,13-146,"Антитела к бета-2-гликопротеину, IgG",1605,,До 10 суток. Указанный срок не включает день взятия биоматериала,https://helix.ru/catalog/item/13-146,2026-08-02T07:17:09.253Z
Helix,Екатеринбург,Все анализы,analysis,13-145,"Фенотипирование эритроцитов по антигенам системы Rh (C, E, c, e) и Kell",1665,,До 3 суток. Указанный срок не включает день взятия биоматериала,https://helix.ru/catalog/item/13-145,2026-08-02T07:17:09.253Z
Helix,Екатеринбург,Все анализы,analysis,13-149,Зонулин в кале,8530,,До 9 суток. Указанный срок не включает день взятия биоматериала,https://helix.ru/catalog/item/13-149,2026-08-02T07:17:09.253Z
Helix,Екатеринбург,Все анализы,analysis,13-138,"Антифосфолипидные антитела, IgG/IgM (иммуноблот)",5625,,До 9 суток. Указанный срок не включает день взятия биоматериала,https://helix.ru/catalog/item/13-138,2026-08-02T07:17:09.253Z
Helix,Екатеринбург,Все анализы,analysis,13-147,Антитела к лимфоцитам методом непрямой иммунофлюоресценции,1850,,До 9 суток. Указанный срок не включает день взятия биоматериала,https://helix.ru/catalog/item/13-147,2026-08-02T07:17:09.253Z
Helix,Екатеринбург,Все анализы,analysis,13-151,Антитела к хорионическому гонадотропину человека (анти-ХГЧ IgG/IgM),1300,,До 12 суток. Указанный срок не включает день взятия биоматериала,https://helix.ru/catalog/item/13-151,2026-08-02T07:17:09.253Z
Helix,Екатеринбург,Все анализы,analysis,13-140,Иммунологический тест определения полиспецифических агглютининов при гемолитических анемиях (прямая проба Кумбса),1530,,До 6 суток. Указанный срок не включает день взятия биоматериала,https://helix.ru/catalog/item/13-140,2026-08-02T07:17:09.253Z
Helix,Екатеринбург,Все анализы,analysis,13-141,Иммунологический тест определения моноспецифических агглютининов при гемолитических анемиях (прямая проба Кумбса),2650,,До 8 суток. Указанный срок не включает день взятия биоматериала,https://helix.ru/catalog/item/13-141,2026-08-02T07:17:09.253Z
Helix,Екатеринбург,Все анализы,complex,13-152,"ЭЛИ-АФС-ХГЧ Тест (антифосфолипидный синдром, анти-ХГЧ синдром, 6 антигенов)",4695,,До 17 суток. Указанный срок не включает день взятия биоматериала,https://helix.ru/catalog/item/13-152,2026-08-02T07:17:09.253Z
Helix,Екатеринбург,Все анализы,complex,13-153,"ЭЛИ-В-6-Тест (общее состояние иммунной системы, подготовка к вакцинации, 6 антигенов)",3130,,До 17 суток. Указанный срок не включает день взятия биоматериала,https://helix.ru/catalog/item/13-153,2026-08-02T07:17:09.253Z
Helix,Екатеринбург,Все анализы,analysis,13-166,Антитела к NR2 субъединице NMDA рецептора глутамата в сыворотке,3035,,До 18 суток. Указанный срок не включает день взятия биоматериала,https://helix.ru/catalog/item/13-166,2026-08-02T07:17:09.253Z
Helix,Екатеринбург,Все анализы,analysis,13-156,Антитела к экстрагируемым ядерным антигенам RNP/Sm,1440,,До 8 суток. Указанный срок не включает день взятия биоматериала,https://helix.ru/catalog/item/13-156,2026-08-02T07:17:09.253Z
Helix,Екатеринбург,Все анализы,analysis,13-157,Антитела к цитоплазматическому антигену SS-B(La) (Анти-La/SS-B),1700,,До 8 суток. Указанный срок не включает день взятия биоматериала,https://helix.ru/catalog/item/13-157,2026-08-02T07:17:09.253Z
Helix,Екатеринбург,Все анализы,analysis,13-159,Антитела к цитоплазматическому антигену Jo (Анти-Jo),1675,,До 8 суток. Указанный срок не включает день взятия биоматериала,https://helix.ru/catalog/item/13-159,2026-08-02T07:17:09.253Z
Helix,Екатеринбург,Все анализы,analysis,13-160,Антитела к гистонам,1675,,До 8 суток. Указанный срок не включает день взятия биоматериала,https://helix.ru/catalog/item/13-160,2026-08-02T07:17:09.253Z
Helix,Екатеринбург,Все анализы,analysis,13-168,"Ревматоидный фактор, IgA",1550,,До 10 суток. Указанный срок не включает день взятия биоматериала,https://helix.ru/catalog/item/13-168,2026-08-02T07:17:09.253Z
Helix,Екатеринбург,Все анализы,analysis,13-154,"Антитела к кардиолипину, IgA",1355,,До 8 суток. Указанный срок не включает день взятия биоматериала,https://helix.ru/catalog/item/13-154,2026-08-02T07:17:09.253Z
Helix,Екатеринбург,Все анализы,analysis,13-167,"Антинейрональные антитела, IgG",4485,,До 13 суток. Указанный срок не включает день взятия биоматериала,https://helix.ru/catalog/item/13-167,2026-08-02T07:17:09.253Z
Helix,Екатеринбург,Все анализы,analysis,13-161,Антитела к центромерам (CENP-B),1610,,До 8 суток. Указанный срок не включает день взятия биоматериала,https://helix.ru/catalog/item/13-161,2026-08-02T07:17:09.253Z
Helix,Екатеринбург,Все анализы,analysis,15-001,Вальпроевая кислота,1725,,До 5 суток,https://helix.ru/catalog/item/15-001,2026-08-02T07:17:09.253Z
Helix,Екатеринбург,Все анализы,analysis,15-002,Карбамазепин,1610,,До 9 суток. Указанный срок не включает день взятия биоматериала,https://helix.ru/catalog/item/15-002,2026-08-02T07:17:09.253Z
Helix,Екатеринбург,Все анализы,analysis,15-004,Фенобарбитал,3405,,До 4 суток. Указанный срок не включает день взятия биоматериала,https://helix.ru/catalog/item/15-004,2026-08-02T07:17:09.253Z
Helix,Екатеринбург,Все анализы,analysis,15-005,Дифенин,3170,,До 4 суток. Указанный срок не включает день взятия биоматериала,https://helix.ru/catalog/item/15-005,2026-08-02T07:17:09.253Z
Helix,Екатеринбург,Все анализы,analysis,15-008,Дигоксин,3170,,До 4 суток. Указанный срок не включает день взятия биоматериала,https://helix.ru/catalog/item/15-008,2026-08-02T07:17:09.253Z
Helix,Екатеринбург,Все анализы,analysis,15-009,Теофиллин,3170,,До 4 суток. Указанный срок не включает день взятия биоматериала,https://helix.ru/catalog/item/15-009,2026-08-02T07:17:09.253Z
Helix,Екатеринбург,Все анализы,analysis,15-012,Лизодрен,3320,,До 4 суток. Указанный срок не включает день взятия биоматериала,https://helix.ru/catalog/item/15-012,2026-08-02T07:17:09.253Z
Helix,Екатеринбург,Все анализы,analysis,15-013,Рисперидон,3170,,До 4 суток. Указанный срок не включает день взятия биоматериала,https://helix.ru/catalog/item/15-013,2026-08-02T07:17:09.253Z
Helix,Екатеринбург,Все анализы,analysis,15-015,Пароксетин,3170,,До 4 суток. Указанный срок не включает день взятия биоматериала,https://helix.ru/catalog/item/15-015,2026-08-02T07:17:09.253Z
Helix,Екатеринбург,Все анализы,complex,42-101,"Генодиагностика наследственной нейросенсорной тугоухости, расширенная. Гены GJB2, GJB3, GJB6, POU3F4, WFS",9495,,До 12 суток. Указанный срок не включает день взятия биоматериала,https://helix.ru/catalog/item/42-101,2026-08-02T07:17:09.253Z
Helix,Екатеринбург,Все анализы,analysis,15-006,Топирамат,3425,,До 4 суток. Указанный срок не включает день взятия биоматериала,https://helix.ru/catalog/item/15-006,2026-08-02T07:17:09.253Z
Helix,Екатеринбург,Все анализы,analysis,15-011,Леветирацетам,3405,,До 5 суток,https://helix.ru/catalog/item/15-011,2026-08-02T07:17:09.253Z
Helix,Екатеринбург,Все анализы,analysis,15-007,Ламотриджин,3405,,До 5 суток,https://helix.ru/catalog/item/15-007,2026-08-02T07:17:09.253Z
Helix,Екатеринбург,Все анализы,complex,42-102,Определение резус-фактора плода (выявление гена RHD плода в крови матери),8700,,До 12 суток. Указанный срок не включает день взятия биоматериала,https://helix.ru/catalog/item/42-102,2026-08-02T07:17:09.253Z
Helix,Екатеринбург,Все анализы,complex,42-103,Генетическая диагностика фенилкетонурии. Анализ гена РАН,23025,,До 10 суток. Указанный срок не включает день взятия биоматериала,https://helix.ru/catalog/item/42-103,2026-08-02T07:17:09.253Z
